"Book_ID","Title","Author","Writing_tags","Writing_notes_present","Writing_notes_missing","Reading_tags","Reading_notes_present","Reading_notes_missing","Work_queue","Blurb_status","PRIDE","Inquiry","Teaching_ideas","Notes"
"00854d4e-1359-4fa5-93f2-73dbb96dfb08","Turn the Tide","Dimopoulos, Elaine","0","0","0","0","0","0","First writing/reading gap pass","verified","Not yet assessed","Not yet assessed","Not yet drafted","Based on recovered snapshot; note presence does not establish quality or approval."
"01a445c1-88b1-4e55-a807-71ab5e0c29b0","Shortcut","Crews, Donald","0","0","0","0","0","0","First writing/reading gap pass","verified","Not yet assessed","Not yet assessed","Not yet drafted","Based on recovered snapshot; note presence does not establish quality or approval."
"045d264b-a9b4-4e5f-8b91-f4e537cdad61","The Very Hungry Bear","Nick Bland","4","0","4","0","0","0","Preserve writing; later reading review","verified","Not yet assessed","Not yet assessed","Not yet drafted","Based on recovered snapshot; note presence does not establish quality or approval."
"06ee48ee-644a-4beb-aab7-0d8c0584d97f","Fantastic Mr Fox","Dahl, Roald","0","0","0","0","0","0","First writing/reading gap pass","verified","Not yet assessed","Not yet assessed","Not yet drafted","Based on recovered snapshot; note presence does not establish quality or approval."
"0737962a-0ee0-4897-af6a-5fc692084758","Pandemic","French, Jackie","0","0","0","0","0","0","First writing/reading gap pass","verified","Not yet assessed","Not yet assessed","Not yet drafted","Based on recovered snapshot; note presence does not establish quality or approval."
"07385c97-09cf-48a2-80c0-5859e8d92ea4","Owl Moon","Yolen, Jane","1","0","1","0","0","0","Preserve writing; later reading review","verified","Not yet assessed","Not yet assessed","Not yet drafted","Based on recovered snapshot; note presence does not establish quality or approval."
"07871b45-d7f3-4046-aa5a-cfb927c537ac","Little People, Big Dreams - Frida Kahlo","Sanchez Vegara, Isabel","0","0","0","0","0","0","First writing/reading gap pass","verified","Not yet assessed","Not yet assessed","Not yet drafted","Based on recovered snapshot; note presence does not establish quality or approval."
"0825e5ed-de05-4288-9b0f-e3972b6a3fc3","Making the Shrine, stories from Victoria's war memorial","Carroll, Laura","0","0","0","0","0","0","First writing/reading gap pass","verified","Not yet assessed","Not yet assessed","Not yet drafted","Based on recovered snapshot; note presence does not establish quality or approval."
"0937e07c-8db5-4ddb-9417-04dc8568f6d7","The Snail and the Whale","Donaldson, Julia","0","0","0","0","0","0","First writing/reading gap pass","verified","Not yet assessed","Not yet assessed","Not yet drafted","Based on recovered snapshot; note presence does not establish quality or approval."
"09e2098c-425e-4090-9f51-1a18f14f2588","The Gruffalo","Donaldson, Julia","0","0","0","0","0","0","First writing/reading gap pass","verified","Not yet assessed","Not yet assessed","Not yet drafted","Based on recovered snapshot; note presence does not establish quality or approval."
"0a70af2b-8e86-464f-aff6-dba41e40d62d","This Book Thinks Ya Deadly! - A Celebration of Blak Excellence","Tutt, Corey","0","0","0","0","0","0","First writing/reading gap pass","verified","Not yet assessed","Not yet assessed","Not yet drafted","Based on recovered snapshot; note presence does not establish quality or approval."
"0ba2c43e-9d67-484d-a30e-5e9b31c50e4a","Wolf in the Snow","Cordell, Matthew","3","0","3","0","0","0","Preserve writing; later reading review","verified","Not yet assessed","Not yet assessed","Not yet drafted","Based on recovered snapshot; note presence does not establish quality or approval."
"0c9e994f-7863-41c7-93b6-cfb4a719f1d6","Saskia Spark-lee Fundraiser Fail","Sharpe Shelberg, Rebecka","0","0","0","0","0","0","First writing/reading gap pass","verified","Not yet assessed","Not yet assessed","Not yet drafted","Based on recovered snapshot; note presence does not establish quality or approval."
"0cbb258d-5548-4504-a81a-0495f5d3c653","Our Country - Where History Happened","Greenwood, Mark","0","0","0","0","0","0","First writing/reading gap pass","verified","Not yet assessed","Not yet assessed","Not yet drafted","Based on recovered snapshot; note presence does not establish quality or approval."
"0d096957-ede7-4fcd-b5f0-a564f3c9532d","Oliver and George","Carnavas, Peter","0","0","0","0","0","0","First writing/reading gap pass","verified","Not yet assessed","Not yet assessed","Not yet drafted","Based on recovered snapshot; note presence does not establish quality or approval."
"0d0d5615-98cc-4b89-b33d-cd0b13fdfad0","Jorn's Magnificent Imagination","Vass, Coral","0","0","0","0","0","0","First writing/reading gap pass","verified","Not yet assessed","Not yet assessed","Not yet drafted","Based on recovered snapshot; note presence does not establish quality or approval."
"0d1e0649-902f-41c9-b793-d51942dadaaa","Jigsaw - A Puzzle in the Post","Graham, Bob","0","0","0","0","0","0","First writing/reading gap pass","verified","Not yet assessed","Not yet assessed","Not yet drafted","Based on recovered snapshot; note presence does not establish quality or approval."
"0d919f6d-181f-4eff-ae9b-d2ed461baad7","Where the Wild Things Are","Maurice Sendak","3","0","3","0","0","0","Preserve writing; later reading review","verified","Not yet assessed","Not yet assessed","Not yet drafted","Based on recovered snapshot; note presence does not establish quality or approval."
"0e35eff6-9e5a-46d1-ba76-e971ac800e0e","The Giraffe and the Pelly and Me","Dahl, Roald","0","0","0","0","0","0","First writing/reading gap pass","verified","Not yet assessed","Not yet assessed","Not yet drafted","Based on recovered snapshot; note presence does not establish quality or approval."
"1060dd5e-2367-4b49-8d4a-34559d7b8abe","Harry Potter and the Half Blood Prince","Rowling, J.K.","0","0","0","0","0","0","First writing/reading gap pass","verified","Not yet assessed","Not yet assessed","Not yet drafted","Based on recovered snapshot; note presence does not establish quality or approval."
"11bbe760-8bb2-40c2-9983-97983474cd7b","Someday","Spinelli, Eileen","0","0","0","0","0","0","First writing/reading gap pass","verified","Not yet assessed","Not yet assessed","Not yet drafted","Based on recovered snapshot; note presence does not establish quality or approval."
"11bdd1c6-ec8c-4f8a-b657-b81a9f88a175","Koala","Saxby, Claire","0","0","0","0","0","0","First writing/reading gap pass","verified","Not yet assessed","Not yet assessed","Not yet drafted","Based on recovered snapshot; note presence does not establish quality or approval."
"136ebd31-82a6-4dfa-b3ed-01a50fe12192","The Rabbits","Marsden, John","6","0","6","6","0","6","Preserve tags; check explanation quality","verified","Not yet assessed","Not yet assessed","Not yet drafted","Based on recovered snapshot; note presence does not establish quality or approval."
"1395dccd-b633-46c3-aded-d9c8b5678853","Xavier in the Meantime","Gordon, Kate","0","0","0","0","0","0","First writing/reading gap pass","verified","Not yet assessed","Not yet assessed","Not yet drafted","Based on recovered snapshot; note presence does not establish quality or approval."
"13cac9e0-6acb-4566-8d21-aece325252ac","Don't Let the Pigeon Stay Up Late!","Willems, Mo","1","0","1","0","0","0","Preserve writing; later reading review","verified","Not yet assessed","Not yet assessed","Not yet drafted","Based on recovered snapshot; note presence does not establish quality or approval."
"13ec8332-bc40-42eb-a693-eb8b2508ed1f","Kookaburra","Saxby, Claire","0","0","0","0","0","0","First writing/reading gap pass","verified","Not yet assessed","Not yet assessed","Not yet drafted","Based on recovered snapshot; note presence does not establish quality or approval."
"1453bfc0-8b4e-4ae8-9141-ff3f850dd65b","Deep - Dive in Hidden Worlds","McGeachin, Jess","6","0","6","0","0","0","Preserve writing; later reading review","verified","Not yet assessed","Not yet assessed","Not yet drafted","Based on recovered snapshot; note presence does not establish quality or approval."
"14917b65-9049-4c5f-aa01-5d0c3a6fafe6","First Day","Daddo, Andrew","0","0","0","0","0","0","First writing/reading gap pass","verified","Not yet assessed","Not yet assessed","Not yet drafted","Based on recovered snapshot; note presence does not establish quality or approval."
"15aa4585-2f4c-4d8c-aad9-e12953499f88","Knuffle Bunny","Willems, Mo","0","0","0","0","0","0","First writing/reading gap pass","verified","Not yet assessed","Not yet assessed","Not yet drafted","Based on recovered snapshot; note presence does not establish quality or approval."
"15e9ef36-beb5-4e2f-a4ad-967648e9ee29","A Quiet Girl","Carnavas, Peter","7","0","7","6","0","6","Preserve tags; check explanation quality","verified","Not yet assessed","Not yet assessed","Not yet drafted","Based on recovered snapshot; note presence does not establish quality or approval."
"179dfbc0-fdaa-4bd9-a2c1-e088c6b7b988","The Sloth Who Came to Stay","Wild, Margaret","5","0","5","5","0","5","Preserve tags; check explanation quality","verified","Not yet assessed","Not yet assessed","Not yet drafted","Based on recovered snapshot; note presence does not establish quality or approval."
"1823da84-a910-496c-ba03-8c242b2d90b6","Go Go and the Silver Shoes","Godwin, Jane","6","0","6","4","0","4","Preserve tags; check explanation quality","verified","Not yet assessed","Not yet assessed","Not yet drafted","Based on recovered snapshot; note presence does not establish quality or approval."
"18573914-3d92-4317-b93b-3d89105e764c","The Patchwork Bike","Beneba Clarke, Maxine","5","0","5","3","0","3","Preserve tags; check explanation quality","verified","Not yet assessed","Not yet assessed","Not yet drafted","Based on recovered snapshot; note presence does not establish quality or approval."
"18fd48e8-22b8-4f0e-81f4-4fe8bc87c8da","Smoky Night","Bunting, Eve","0","0","0","0","0","0","First writing/reading gap pass","verified","Not yet assessed","Not yet assessed","Not yet drafted","Based on recovered snapshot; note presence does not establish quality or approval."
"1971944f-7c76-4474-97a8-f00a3ba8997c","If I Was Prime Minister","Feiner, Beck","0","0","0","0","0","0","First writing/reading gap pass","verified","Not yet assessed","Not yet assessed","Not yet drafted","Based on recovered snapshot; note presence does not establish quality or approval."
"1a055000-0d04-4032-8d0e-88299f51c7be","Rabbit, Soldier, Angel, Thief","Nannestad, Katrina","0","0","0","0","0","0","First writing/reading gap pass","verified","Not yet assessed","Not yet assessed","Not yet drafted","Based on recovered snapshot; note presence does not establish quality or approval."
"1aed60a7-6883-41ba-80ac-787ec383edf8","Hattie and the Fox","Fox, Mem","4","0","4","3","0","3","Preserve tags; check explanation quality","verified","Not yet assessed","Not yet assessed","Not yet drafted","Based on recovered snapshot; note presence does not establish quality or approval."
"1b1e74c1-b653-43a3-9c7e-d1f3524562de","Hey, Little Ant","Hoose, Hannah & Phillip","0","0","0","0","0","0","First writing/reading gap pass","verified","Not yet assessed","Not yet assessed","Not yet drafted","Based on recovered snapshot; note presence does not establish quality or approval."
"1d5781f4-c3dc-44e3-95ef-6587111911d0","The BEST Hiding Place","Godwin, Jane","0","0","0","0","0","0","First writing/reading gap pass","verified","Not yet assessed","Not yet assessed","Not yet drafted","Based on recovered snapshot; note presence does not establish quality or approval."
"1d60cc86-fd23-484a-8706-115bd1650538","How to Make a Bird","McKinlay, Meg","7","0","7","4","0","4","Preserve tags; check explanation quality","verified","Not yet assessed","Not yet assessed","Not yet drafted","Based on recovered snapshot; note presence does not establish quality or approval."
"1dbddc0b-c32c-41c0-aa29-b1e657af3ea5","Blue Flower","Hartnett, Sonya","0","0","0","0","0","0","First writing/reading gap pass","verified","Not yet assessed","Not yet assessed","Not yet drafted","Based on recovered snapshot; note presence does not establish quality or approval."
"1dc29754-9304-447f-a9c8-f6e645254473","My Two Blankets","Kobald, Irena","5","0","5","5","0","5","Preserve tags; check explanation quality","verified","Not yet assessed","Not yet assessed","Not yet drafted","Based on recovered snapshot; note presence does not establish quality or approval."
"1de6116c-ddaa-4b42-bc1e-afd8c90c02df","Brown Bear, Brown Bear, What Do You See?","Carle, Eric","0","0","0","0","0","0","First writing/reading gap pass","verified","Not yet assessed","Not yet assessed","Not yet drafted","Based on recovered snapshot; note presence does not establish quality or approval."
"1e2a4a16-264d-46c9-a0c8-7cc5f276ce21","The Tenth Good Thing About Barney","Viorst, Judith","0","0","0","0","0","0","First writing/reading gap pass","verified","Not yet assessed","Not yet assessed","Not yet drafted","Based on recovered snapshot; note presence does not establish quality or approval."
"1e8f2c34-18fb-47fd-a378-a10f2263817d","Danny the Champion of the World","Dahl, Roald","0","0","0","0","0","0","First writing/reading gap pass","verified","Not yet assessed","Not yet assessed","Not yet drafted","Based on recovered snapshot; note presence does not establish quality or approval."
"200fc1b0-cbbd-41e7-b92f-4040588eb505","When I was Young in the Mountains","Rylant, Cynthia","0","0","0","0","0","0","First writing/reading gap pass","verified","Not yet assessed","Not yet assessed","Not yet drafted","Based on recovered snapshot; note presence does not establish quality or approval."
"20166058-60ee-4a94-8efb-fe78d2b3e5a7","Desert Lake","Freeman, Pamela","0","0","0","0","0","0","First writing/reading gap pass","verified","Not yet assessed","Not yet assessed","Not yet drafted","Based on recovered snapshot; note presence does not establish quality or approval."
"206ab1b6-d608-4d33-8389-7b6121ebfb7b","Grandad's Magic","Graham, Bob","6","0","6","4","0","4","Preserve tags; check explanation quality","verified","Not yet assessed","Not yet assessed","Not yet drafted","Based on recovered snapshot; note presence does not establish quality or approval."
"20924ff9-7007-4314-8118-17b324f6d50d","Mopoke","Bunting, Philip","0","0","0","0","0","0","First writing/reading gap pass","verified","Not yet assessed","Not yet assessed","Not yet drafted","Based on recovered snapshot; note presence does not establish quality or approval."
"210ad12c-fc8a-450c-a506-f98532c12c57","Chrysanthemum","Henkes, Kevin","0","0","0","0","0","0","First writing/reading gap pass","verified","Not yet assessed","Not yet assessed","Not yet drafted","Based on recovered snapshot; note presence does not establish quality or approval."
"21b611fb-f02b-4f11-bf9d-36e748bf0bcb","The Paper Bag Princess","Munsch, Robert","5","0","5","7","0","7","Preserve tags; check explanation quality","verified","Not yet assessed","Not yet assessed","Not yet drafted","Based on recovered snapshot; note presence does not establish quality or approval."
"222d454c-13ed-4f4e-bf90-f4bcdfa3afd3","Under Your Feet - Soil, Sand, and Everything Underground","Tang, Wenjia","0","0","0","0","0","0","First writing/reading gap pass","verified","Not yet assessed","Not yet assessed","Not yet drafted","Based on recovered snapshot; note presence does not establish quality or approval."
"225755e7-e874-4b27-b628-dc978accb6ed","Jessica's Box","Carnavas, Peter","6","0","6","5","0","5","Preserve tags; check explanation quality","verified","Not yet assessed","Not yet assessed","Not yet drafted","Based on recovered snapshot; note presence does not establish quality or approval."
"24c27958-b536-4a50-8fbe-1f457dd50870","Emu","Saxby, Claire","0","0","0","0","0","0","First writing/reading gap pass","verified","Not yet assessed","Not yet assessed","Not yet drafted","Based on recovered snapshot; note presence does not establish quality or approval."
"26cd9951-57f4-41ea-8cb7-847f2cd5da52","Two Mates","Prewett, Maggie","6","0","6","5","0","5","Preserve tags; check explanation quality","verified","Not yet assessed","Not yet assessed","Not yet drafted","Based on recovered snapshot; note presence does not establish quality or approval."
"278cca78-8da1-4090-a06f-bcd1719d083e","Whoever You Are","Fox, Mem","0","0","0","0","0","0","First writing/reading gap pass","verified","Not yet assessed","Not yet assessed","Not yet drafted","Based on recovered snapshot; note presence does not establish quality or approval."
"2941a1bc-610a-44a8-b675-c193140a592f","To and Fro","Clifford-Motopi, Anton","0","0","0","0","0","0","First writing/reading gap pass","verified","Not yet assessed","Not yet assessed","Not yet drafted","Based on recovered snapshot; note presence does not establish quality or approval."
"29a25056-d761-46d4-8592-d610c251344b","Jetty Jumping","Rowe, Andrea","0","0","0","0","0","0","First writing/reading gap pass","verified","Not yet assessed","Not yet assessed","Not yet drafted","Based on recovered snapshot; note presence does not establish quality or approval."
"2ad1dd3d-04bc-43bd-ad68-c5c0f0a77235","Luke's Way of Looking","Wheatley, Nadia","6","0","6","6","0","6","Preserve tags; check explanation quality","verified","Not yet assessed","Not yet assessed","Not yet drafted","Based on recovered snapshot; note presence does not establish quality or approval."
"2c2f4297-11c5-44ad-a40e-a0cde4cc38af","Australia from dawn to dusk","Brentos","0","0","0","0","0","0","First writing/reading gap pass","needs_review","Not yet assessed","Not yet assessed","Not yet drafted","Based on recovered snapshot; note presence does not establish quality or approval."
"2e1d0f06-e0bd-4ec8-8e81-c415df7feb02","Tigg and the Bandicoot Bushranger","French, Jackie","0","0","0","0","0","0","First writing/reading gap pass","verified","Not yet assessed","Not yet assessed","Not yet drafted","Based on recovered snapshot; note presence does not establish quality or approval."
"2e262199-a0c4-4589-9740-a24c484fa036","Jumanji","Van Allsburg, Chris","0","0","0","0","0","0","First writing/reading gap pass","verified","Not yet assessed","Not yet assessed","Not yet drafted","Based on recovered snapshot; note presence does not establish quality or approval."
"2efc4d35-0268-4c9a-8613-a284b1f4148b","Harry Potter and the Goblet of Fire","Rowling, J.K.","0","0","0","0","0","0","First writing/reading gap pass","verified","Not yet assessed","Not yet assessed","Not yet drafted","Based on recovered snapshot; note presence does not establish quality or approval."
"30862e24-3786-4bc7-849c-f0d3b44a8606","Who Sank the Boat?","Allen, Pamela","0","0","0","0","0","0","First writing/reading gap pass","verified","Not yet assessed","Not yet assessed","Not yet drafted","Based on recovered snapshot; note presence does not establish quality or approval."
"30973b78-edb0-4b94-907b-5c4b91831bfa","Snap!","Walker, Anna","0","0","0","0","0","0","First writing/reading gap pass","verified","Not yet assessed","Not yet assessed","Not yet drafted","Based on recovered snapshot; note presence does not establish quality or approval."
"319b3d80-a509-4c18-8b84-88f19ca431b3","Seven Seas of Fleas","Petzold, Dave","0","0","0","0","0","0","First writing/reading gap pass","verified","Not yet assessed","Not yet assessed","Not yet drafted","Based on recovered snapshot; note presence does not establish quality or approval."
"31d43986-1ac0-483d-b81b-6a25822ce684","A Squash and a Squeeze","Julia Donaldson Axel","3","0","3","0","0","0","Preserve writing; later reading review","verified","Not yet assessed","Not yet assessed","Not yet drafted","Based on recovered snapshot; note presence does not establish quality or approval."
"32715f44-b7cc-43c8-b35e-737c116495cc","The Old Woman Who Named Things","Rylant, Cynthia","0","0","0","0","0","0","First writing/reading gap pass","verified","Not yet assessed","Not yet assessed","Not yet drafted","Based on recovered snapshot; note presence does not establish quality or approval."
"32f0ade0-d05f-492f-918d-3d5018034ca1","Bedtime Sorted!","Rees, Jimmy","0","0","0","0","0","0","First writing/reading gap pass","verified","Not yet assessed","Not yet assessed","Not yet drafted","Based on recovered snapshot; note presence does not establish quality or approval."
"3491bd1d-31a6-49c1-a3cc-a6565f0909b1","Why I Love Summer","Wagner, Michael","5","0","5","3","0","3","Preserve tags; check explanation quality","verified","Not yet assessed","Not yet assessed","Not yet drafted","Based on recovered snapshot; note presence does not establish quality or approval."
"34fac29b-1706-4f6d-a10c-5a4038427dcf","Hello, Harvest Moon","Fletcher, Ralph","0","0","0","0","0","0","First writing/reading gap pass","verified","Not yet assessed","Not yet assessed","Not yet drafted","Based on recovered snapshot; note presence does not establish quality or approval."
"364535cf-a26e-4591-9a9f-54b1cc9d5554","The Second Sky","Guest, Patrick","0","0","0","0","0","0","First writing/reading gap pass","verified","Not yet assessed","Not yet assessed","Not yet drafted","Based on recovered snapshot; note presence does not establish quality or approval."
"38065703-6f42-4a7b-b276-e25bc08656c0","Norton and Borrowing Bear","Evans, Gabriel","1","0","1","0","0","0","Preserve writing; later reading review","verified","Not yet assessed","Not yet assessed","Not yet drafted","Based on recovered snapshot; note presence does not establish quality or approval."
"38dede0f-052a-475b-ad5d-a460897d790d","One Tiny Turtle","Davies, Nicola","0","0","0","0","0","0","First writing/reading gap pass","verified","Not yet assessed","Not yet assessed","Not yet drafted","Based on recovered snapshot; note presence does not establish quality or approval."
"3a29a2e3-a56b-4b06-8573-18881c5aff88","Amazing Animal Journeys","Cossins, Jennifer","0","0","0","0","0","0","First writing/reading gap pass","verified","Not yet assessed","Not yet assessed","Not yet drafted","Based on recovered snapshot; note presence does not establish quality or approval."
"3b161667-6773-42a5-bfd7-e32d640944b6","My Strange Shrinking Parents - A Tall Tale","Sworder, Zeno","0","0","0","0","0","0","First writing/reading gap pass","verified","Not yet assessed","Not yet assessed","Not yet drafted","Based on recovered snapshot; note presence does not establish quality or approval."
"3d1a1f74-3085-40f6-b087-66c62f061385","Little People, Big Dreams - Charles Darwin","Sanchez Vegara, Isabel","0","0","0","0","0","0","First writing/reading gap pass","verified","Not yet assessed","Not yet assessed","Not yet drafted","Based on recovered snapshot; note presence does not establish quality or approval."
"3dca925e-4328-476f-aa51-749251b235b1","Naturopolis","Frenkel, Deborah","0","0","0","0","0","0","First writing/reading gap pass","verified","Not yet assessed","Not yet assessed","Not yet drafted","Based on recovered snapshot; note presence does not establish quality or approval."
"3e3ef4fc-93f6-4cd5-a3c4-2cfc3082b8ed","Dirt by Sea","Wagner, Michael","0","0","0","0","0","0","First writing/reading gap pass","verified","Not yet assessed","Not yet assessed","Not yet drafted","Based on recovered snapshot; note presence does not establish quality or approval."
"3e8862e2-d309-47ff-8fe7-ad26750b6a3f","Everybody Needs a Rock","Baylor, Byrd","0","0","0","0","0","0","First writing/reading gap pass","verified","Not yet assessed","Not yet assessed","Not yet drafted","Based on recovered snapshot; note presence does not establish quality or approval."
"4005a8d5-68b7-4dcc-a9a5-0586a98f3dc5","Room on the Broom","Donaldson, Julia","0","0","0","0","0","0","First writing/reading gap pass","verified","Not yet assessed","Not yet assessed","Not yet drafted","Based on recovered snapshot; note presence does not establish quality or approval."
"40d2f1df-f438-4c01-bf05-5a7df45c598f","Edie's Experiments: How to Make Friends","Barkla, Charlotte","1","0","1","0","0","0","Preserve writing; later reading review","verified","Not yet assessed","Not yet assessed","Not yet drafted","Based on recovered snapshot; note presence does not establish quality or approval."
"40da5322-aa97-466a-aa3f-1ab20b56f9a2","Refugees","Miller, David","6","0","6","5","0","5","Preserve tags; check explanation quality","verified","Not yet assessed","Not yet assessed","Not yet drafted","Based on recovered snapshot; note presence does not establish quality or approval."
"411d1c52-bb64-4007-9b57-3d9a32538ed6","Wemberly Worried","Henkes, Kevin","0","0","0","0","0","0","First writing/reading gap pass","verified","Not yet assessed","Not yet assessed","Not yet drafted","Based on recovered snapshot; note presence does not establish quality or approval."
"41896fae-9521-4c58-936b-84a6b581fe49","Tiny Wonders","Soweol Han, Sally","0","0","0","0","0","0","First writing/reading gap pass","verified","Not yet assessed","Not yet assessed","Not yet drafted","Based on recovered snapshot; note presence does not establish quality or approval."
"42512c58-9b90-4741-b77b-256df7e2d698","A Little Golden Book Biography - Taylor Swift","Loggia, Wendy","0","0","0","0","0","0","First writing/reading gap pass","verified","Not yet assessed","Not yet assessed","Not yet drafted","Based on recovered snapshot; note presence does not establish quality or approval."
"429e7471-a242-41b2-b644-b36e30291944","How To Move a Zoo","Simpson, Kate","0","0","0","0","0","0","First writing/reading gap pass","verified","Not yet assessed","Not yet assessed","Not yet drafted","Based on recovered snapshot; note presence does not establish quality or approval."
"436c54b6-0c99-43f1-bfd4-af99b515cd1a","Charlotte's Web","White, E.B.","0","0","0","0","0","0","First writing/reading gap pass","verified","Not yet assessed","Not yet assessed","Not yet drafted","Based on recovered snapshot; note presence does not establish quality or approval."
"43d39a34-4de3-4544-9de4-c96be9f2fe61","In November","Rylant, Cynthia","1","0","1","0","0","0","Preserve writing; later reading review","verified","Not yet assessed","Not yet assessed","Not yet drafted","Based on recovered snapshot; note presence does not establish quality or approval."
"4484c638-4adf-4e9e-a596-36def87d520f","Not Cute.","Bunting, Philip","0","0","0","0","0","0","First writing/reading gap pass","verified","Not yet assessed","Not yet assessed","Not yet drafted","Based on recovered snapshot; note presence does not establish quality or approval."
"4514e5cf-4415-48d8-9623-434b4c26bf9d","Papunya School Book of Country and History","Wheatley, Nadia","0","0","0","0","0","0","First writing/reading gap pass","verified","Not yet assessed","Not yet assessed","Not yet drafted","Based on recovered snapshot; note presence does not establish quality or approval."
"455c8e93-1e80-4f3a-aea7-6c68259834d3","My Mama Had a Dancing Heart","Moore Gray, Libba","0","0","0","0","0","0","First writing/reading gap pass","verified","Not yet assessed","Not yet assessed","Not yet drafted","Based on recovered snapshot; note presence does not establish quality or approval."
"459faf2e-4482-4108-85da-c2a9cd6bf7c0","A Trip to the Hospital","Chiu, Freeda","0","0","0","0","0","0","First writing/reading gap pass","verified","Not yet assessed","Not yet assessed","Not yet drafted","Based on recovered snapshot; note presence does not establish quality or approval."
"45d31598-90b7-4749-9cbf-832f74ab840c","Flood","French, Jackie","0","0","0","0","0","0","First writing/reading gap pass","verified","Not yet assessed","Not yet assessed","Not yet drafted","Based on recovered snapshot; note presence does not establish quality or approval."
"4783aacd-cab5-4fbb-bf10-58d4b0b426f2","Flotsam","Wiesner, David","0","0","0","0","0","0","First writing/reading gap pass","verified","Not yet assessed","Not yet assessed","Not yet drafted","Based on recovered snapshot; note presence does not establish quality or approval."
"48e89774-2661-4b47-9e14-18c8aa95d5a0","Danny Dodo's Detective Diary","Elliot, Rachel","0","0","0","0","0","0","First writing/reading gap pass","verified","Not yet assessed","Not yet assessed","Not yet drafted","Based on recovered snapshot; note presence does not establish quality or approval."
"499ea540-a319-47b8-bd8b-e1af9957453b","Alexander and the Terrible, Horrible, No Good, Very Bad Day","Viorst, Judith","0","0","0","0","0","0","First writing/reading gap pass","verified","Not yet assessed","Not yet assessed","Not yet drafted","Based on recovered snapshot; note presence does not establish quality or approval."
"4b379767-5457-494a-9c09-68f81191d1fc","Scarecrow","Rylant, Cynthia","0","0","0","0","0","0","First writing/reading gap pass","verified","Not yet assessed","Not yet assessed","Not yet drafted","Based on recovered snapshot; note presence does not establish quality or approval."
"4cc8add7-c459-43f7-a37a-480c73574de3","The Detective's Guide to Ocean Travel","Greenberg, Nicki","0","0","0","0","0","0","First writing/reading gap pass","verified","Not yet assessed","Not yet assessed","Not yet drafted","Based on recovered snapshot; note presence does not establish quality or approval."
"4cce94d2-ddc7-479a-970c-cb5a7b6a3754","There's No Such Book","Dettmann, Jessica","0","0","0","0","0","0","First writing/reading gap pass","verified","Not yet assessed","Not yet assessed","Not yet drafted","Based on recovered snapshot; note presence does not establish quality or approval."
"4ef23423-5bf7-42d4-9ecd-f08a713793ba","The Enchanted Wood","Blyton, Enid","0","0","0","0","0","0","First writing/reading gap pass","verified","Not yet assessed","Not yet assessed","Not yet drafted","Based on recovered snapshot; note presence does not establish quality or approval."
"4f15b8da-42ef-419d-93ad-21a053fc6da2","Strangers on Country","Hartley, David","0","0","0","0","0","0","First writing/reading gap pass","verified","Not yet assessed","Not yet assessed","Not yet drafted","Based on recovered snapshot; note presence does not establish quality or approval."
"501f0c32-f4af-4828-9161-b2bfde76e05a","Paradise Sands: A Story of Enchantment","Pinfold, Levi","0","0","0","0","0","0","First writing/reading gap pass","verified","Not yet assessed","Not yet assessed","Not yet drafted","Based on recovered snapshot; note presence does not establish quality or approval."
"51330d23-4aab-4b33-b994-18c4cf9a26dc","Fluff Mess Up!","Stanton, Matt","0","0","0","0","0","0","First writing/reading gap pass","verified","Not yet assessed","Not yet assessed","Not yet drafted","Based on recovered snapshot; note presence does not establish quality or approval."
"5211fa07-5667-4818-89ca-4e6c85774d84","Stellarphant","Foley, James","0","0","0","0","0","0","First writing/reading gap pass","verified","Not yet assessed","Not yet assessed","Not yet drafted","Based on recovered snapshot; note presence does not establish quality or approval."
"523a3ff5-64af-4a35-8209-00ef70451f9b","Runt","Silvey, Craig","0","0","0","0","0","0","First writing/reading gap pass","verified","Not yet assessed","Not yet assessed","Not yet drafted","Based on recovered snapshot; note presence does not establish quality or approval."
"5421bd5c-7d9d-41fa-9b0d-b3717404289c","The Boy Who Tried to Shrink His Name","Parappukkaran, Sandhya","6","0","6","4","0","4","Preserve tags; check explanation quality","verified","Not yet assessed","Not yet assessed","Not yet drafted","Based on recovered snapshot; note presence does not establish quality or approval."
"54e86a9f-2395-44e3-a492-781ea352f039","Wombat","Cheng, Christopher","0","0","0","0","0","0","First writing/reading gap pass","verified","Not yet assessed","Not yet assessed","Not yet drafted","Based on recovered snapshot; note presence does not establish quality or approval."
"5907f168-8d2c-450e-9f31-228e4e3be03b","The All New Must Have Orange 430","Speechley, Michael","5","0","5","2","0","2","Preserve tags; check explanation quality","verified","Not yet assessed","Not yet assessed","Not yet drafted","Based on recovered snapshot; note presence does not establish quality or approval."
"59c84f53-94d8-4357-b1a5-2f6239094270","Go Away, Worry Monster!","Graham, Brooke","0","0","0","0","0","0","First writing/reading gap pass","verified","Not yet assessed","Not yet assessed","Not yet drafted","Based on recovered snapshot; note presence does not establish quality or approval."
"5ad0d606-338d-40ca-bffe-4ff4f6df15c0","Fire","French, Jackie","5","0","5","3","0","3","Preserve tags; check explanation quality","verified","Not yet assessed","Not yet assessed","Not yet drafted","Based on recovered snapshot; note presence does not establish quality or approval."
"5c0183b7-d53d-4c9b-8be3-e49323a211e6","Grow Big, Little Seed","Nanayakkara, Bec","0","0","0","0","0","0","First writing/reading gap pass","verified","Not yet assessed","Not yet assessed","Not yet drafted","Based on recovered snapshot; note presence does not establish quality or approval."
"5cd054e2-e77e-4e64-a26a-5186d966c74b","Dry to Dry: The Seasons of Kakadu","Freeman, Pamela","6","0","6","7","0","7","Preserve tags; check explanation quality","verified","Not yet assessed","Not yet assessed","Not yet drafted","Based on recovered snapshot; note presence does not establish quality or approval."
"5d9a7823-f9e5-4ee8-98fe-7ccbbe145553","The Island","Greder, Armin","5","0","5","4","0","4","Preserve tags; check explanation quality","verified","Not yet assessed","Not yet assessed","Not yet drafted","Based on recovered snapshot; note presence does not establish quality or approval."
"5e40380b-f0b5-418a-b329-a5a8008b3edd","Little People, Big Dreams - Aretha Franklin","Sanchez Vegara, Isabel","0","0","0","0","0","0","First writing/reading gap pass","verified","Not yet assessed","Not yet assessed","Not yet drafted","Based on recovered snapshot; note presence does not establish quality or approval."
"5fbe6b3b-95fd-40cf-a7ed-8b776bd60409","All Bodies Are Good Bodies","Barkla, Charlotte","0","0","0","0","0","0","First writing/reading gap pass","verified","Not yet assessed","Not yet assessed","Not yet drafted","Based on recovered snapshot; note presence does not establish quality or approval."
"5fd8670a-4bf9-490f-ae7a-69dbe39fcb6b","11 Ruby Road 1900","Barkla, Charlotte","0","0","0","0","0","0","First writing/reading gap pass","verified","Not yet assessed","Not yet assessed","Not yet drafted","Based on recovered snapshot; note presence does not establish quality or approval."
"5ffcda36-47d9-4352-967d-06d9565943e0","Kookaburras Love to Laugh","Bunting, Laura","0","0","0","0","0","0","First writing/reading gap pass","verified","Not yet assessed","Not yet assessed","Not yet drafted","Based on recovered snapshot; note presence does not establish quality or approval."
"607612d7-2544-4545-a8e5-fb3549f0c465","Little Blue and Little Yellow","Lionni, Leo","0","0","0","0","0","0","First writing/reading gap pass","verified","Not yet assessed","Not yet assessed","Not yet drafted","Based on recovered snapshot; note presence does not establish quality or approval."
"610cecca-3497-4501-a98c-b18d98712a5f","Let's Get a Pup!","Graham, Bob","6","0","6","4","0","4","Preserve tags; check explanation quality","verified","Not yet assessed","Not yet assessed","Not yet drafted","Based on recovered snapshot; note presence does not establish quality or approval."
"61c1a167-3bcb-4fa6-91af-43f892f75bbe","Welcome to Country","Murphy Wandin, Joy","4","0","4","5","0","5","Preserve tags; check explanation quality","verified","Not yet assessed","Not yet assessed","Not yet drafted","Based on recovered snapshot; note presence does not establish quality or approval."
"625b37a7-56cc-4833-ba62-4b0afc3efdf8","The Perfect Pet","Palatini, Margie","0","0","0","0","0","0","First writing/reading gap pass","needs_review","Not yet assessed","Not yet assessed","Not yet drafted","Based on recovered snapshot; note presence does not establish quality or approval."
"62d11b0a-77e5-44a5-96de-91fe98a904d7","Polly and Buster - The Wayward Witch & the Feelings Monster","Rippin, Sally","0","0","0","0","0","0","First writing/reading gap pass","verified","Not yet assessed","Not yet assessed","Not yet drafted","Based on recovered snapshot; note presence does not establish quality or approval."
"640d9011-69cd-42c9-b312-9be3f766c751","The Unwilling Twin","Blackwood, Freya","6","0","6","5","0","5","Preserve tags; check explanation quality","verified","Not yet assessed","Not yet assessed","Not yet drafted","Based on recovered snapshot; note presence does not establish quality or approval."
"6483c041-e58b-474c-b397-283daf3ab5e4","Gary","Rudge, Leila","5","0","5","4","0","4","Preserve tags; check explanation quality","verified","Not yet assessed","Not yet assessed","Not yet drafted","Based on recovered snapshot; note presence does not establish quality or approval."
"64f7bc53-5c8a-4eb4-8713-76ecb6351041","The Treasure Box","Wild, Margaret","6","0","6","7","0","7","Preserve tags; check explanation quality","verified","Not yet assessed","Not yet assessed","Not yet drafted","Based on recovered snapshot; note presence does not establish quality or approval."
"653498f4-0889-4eee-b198-3239d1bee150","Fireflies!","Brinckloe, Julie","0","0","0","0","0","0","First writing/reading gap pass","verified","Not yet assessed","Not yet assessed","Not yet drafted","Based on recovered snapshot; note presence does not establish quality or approval."
"657557eb-8dcb-45ce-b079-bae288bafa43","Six Dots: A Story of Young Louis Braille","Bryant, Jen","6","0","6","0","0","0","Preserve writing; later reading review","verified","Not yet assessed","Not yet assessed","Not yet drafted","Based on recovered snapshot; note presence does not establish quality or approval."
"65dfe33e-88b2-489f-adba-699baa8bda07","All Four Quarters of the Moon","Marr, Shirley","0","0","0","0","0","0","First writing/reading gap pass","verified","Not yet assessed","Not yet assessed","Not yet drafted","Based on recovered snapshot; note presence does not establish quality or approval."
"66e8adfc-5014-4faa-abd7-68a3a76b9835","Little People, Big Dreams - Vivienne Westwood","Sanchez Vegara, Isabel","0","0","0","0","0","0","First writing/reading gap pass","verified","Not yet assessed","Not yet assessed","Not yet drafted","Based on recovered snapshot; note presence does not establish quality or approval."
"67eee94f-bc9c-4500-9a03-3e51b2050cb0","That Bird Has Arms!","Temple, Kate","0","0","0","0","0","0","First writing/reading gap pass","verified","Not yet assessed","Not yet assessed","Not yet drafted","Based on recovered snapshot; note presence does not establish quality or approval."
"68c0ceb0-bb0f-4850-8fd8-00d4b9c9b9dc","There's No Such Thing","McKinnon, Heidi","0","0","0","0","0","0","First writing/reading gap pass","verified","Not yet assessed","Not yet assessed","Not yet drafted","Based on recovered snapshot; note presence does not establish quality or approval."
"68f1a36d-d3a5-4cd0-9cea-c277cbaf7493","Iceberg","Saxby, Claire","0","0","0","0","0","0","First writing/reading gap pass","verified","Not yet assessed","Not yet assessed","Not yet drafted","Based on recovered snapshot; note presence does not establish quality or approval."
"699e1518-7c5e-464f-9bb2-696a300c5090","Knuffle Bunny Too: A Case of Mistaken Identity","Willems, Mo","0","0","0","0","0","0","First writing/reading gap pass","verified","Not yet assessed","Not yet assessed","Not yet drafted","Based on recovered snapshot; note presence does not establish quality or approval."
"69bae962-299c-408c-ae39-e420949b5b38","The Important Book","Brown, Margaret Wise","0","0","0","0","0","0","First writing/reading gap pass","verified","Not yet assessed","Not yet assessed","Not yet drafted","Based on recovered snapshot; note presence does not establish quality or approval."
"6af9fe8f-9de0-4bdd-a29b-97951a261fc0","Little People, Big Dreams - Prince","Sanchez Vegara, Isabel","0","0","0","0","0","0","First writing/reading gap pass","verified","Not yet assessed","Not yet assessed","Not yet drafted","Based on recovered snapshot; note presence does not establish quality or approval."
"6b8cb43a-bb14-4661-87da-a61ad55ef1da","Crickwing","Cannon, Janell","0","0","0","0","0","0","First writing/reading gap pass","verified","Not yet assessed","Not yet assessed","Not yet drafted","Based on recovered snapshot; note presence does not establish quality or approval."
"6bd008f0-4bfc-4fdd-b70e-94271cb37523","Norton and the Bear","Evans, Gabriel","7","0","7","5","0","5","Preserve tags; check explanation quality","verified","Not yet assessed","Not yet assessed","Not yet drafted","Based on recovered snapshot; note presence does not establish quality or approval."
"6de948df-f7d0-476f-9ecc-4b5acc2d5abb","Come Together","Firebrace, Isaiah","0","0","0","0","0","0","First writing/reading gap pass","verified","Not yet assessed","Not yet assessed","Not yet drafted","Based on recovered snapshot; note presence does not establish quality or approval."
"6ee93ef1-c476-4d58-8beb-16679d343489","Walking in Gagudju Country: Exploring the Monsoon Forest","Lucas, Diane & Tyler, Ben","0","0","0","0","0","0","First writing/reading gap pass","verified","Not yet assessed","Not yet assessed","Not yet drafted","Based on recovered snapshot; note presence does not establish quality or approval."
"6f265f56-b7ec-4262-9826-b12eb8d86827","Mr Huff","Walker, Anna","6","0","6","7","0","7","Preserve tags; check explanation quality","verified","Not yet assessed","Not yet assessed","Not yet drafted","Based on recovered snapshot; note presence does not establish quality or approval."
"6ffaeb44-4a53-4efb-8b8e-e0d41c8279e8","Night Tree","Bunting, Eve","0","0","0","0","0","0","First writing/reading gap pass","verified","Not yet assessed","Not yet assessed","Not yet drafted","Based on recovered snapshot; note presence does not establish quality or approval."
"724782a3-69a9-4d56-bbd6-d97cf24f5479","Tamarra - A Story of Termites on Gurindji Country","Wadrill, Violet","0","0","0","0","0","0","First writing/reading gap pass","verified","Not yet assessed","Not yet assessed","Not yet drafted","Based on recovered snapshot; note presence does not establish quality or approval."
"730a4e25-2503-48d5-a0af-55f7d745e5a3","I am a Magpie I am a Currawong","Farmer, Bridget","0","0","0","0","0","0","First writing/reading gap pass","verified","Not yet assessed","Not yet assessed","Not yet drafted","Based on recovered snapshot; note presence does not establish quality or approval."
"7379cb5e-5b60-41cc-a3ff-3d933544e18f","One Little Duck","Germein, Katrina","0","0","0","0","0","0","First writing/reading gap pass","verified","Not yet assessed","Not yet assessed","Not yet drafted","Based on recovered snapshot; note presence does not establish quality or approval."
"73a807e0-c440-4bbd-b6f4-74b110bb8a32","Winston and the Indoor Cat","Rudge, Leila","0","0","0","0","0","0","First writing/reading gap pass","verified","Not yet assessed","Not yet assessed","Not yet drafted","Based on recovered snapshot; note presence does not establish quality or approval."
"73f9b67f-d9c6-4c9c-9818-8269ae6798bf","The Very Busy Spider","Carle, Eric","0","0","0","0","0","0","First writing/reading gap pass","verified","Not yet assessed","Not yet assessed","Not yet drafted","Based on recovered snapshot; note presence does not establish quality or approval."
"742fad9c-6637-4dc9-bd34-9d57e483702f","Pearl Barley and Charlie Parsley","Blabey, Aaron","4","0","4","5","0","5","Preserve tags; check explanation quality","verified","Not yet assessed","Not yet assessed","Not yet drafted","Based on recovered snapshot; note presence does not establish quality or approval."
"74765f91-f307-420c-8b90-5f406381ce26","Big Red Kangaroo","Saxby, Claire","6","0","6","5","0","5","Preserve tags; check explanation quality","verified","Not yet assessed","Not yet assessed","Not yet drafted","Based on recovered snapshot; note presence does not establish quality or approval."
"75ef1910-8d04-4319-90e0-51e9007e00b7","I Wanna Iguana","Orloff, Karen","1","0","1","0","0","0","Preserve writing; later reading review","verified","Not yet assessed","Not yet assessed","Not yet drafted","Based on recovered snapshot; note presence does not establish quality or approval."
"75fe609e-92cf-424b-ae63-7a65564f2429","This is a ball","Beck and Matt Stanton","4","0","4","0","0","0","Preserve writing; later reading review","verified","Not yet assessed","Not yet assessed","Not yet drafted","Based on recovered snapshot; note presence does not establish quality or approval."
"766f69a5-fccf-4840-a0bf-31c56f98964f","Banjo and Ruby Red","Gleeson, Libby","4","0","4","4","0","4","Preserve tags; check explanation quality","verified","Not yet assessed","Not yet assessed","Not yet drafted","Based on recovered snapshot; note presence does not establish quality or approval."
"7678b754-68d9-48ed-a6db-89ead4b81bd6","The Boy and the Elephant","Blackwood, Freya","0","0","0","0","0","0","First writing/reading gap pass","verified","Not yet assessed","Not yet assessed","Not yet drafted","Based on recovered snapshot; note presence does not establish quality or approval."
"7829ab4e-0871-4a60-9068-e47bd0558fc3","Two Hands Together","Kidd, Diana","0","0","0","0","0","0","First writing/reading gap pass","verified","Not yet assessed","Not yet assessed","Not yet drafted","Based on recovered snapshot; note presence does not establish quality or approval."
"7a052c1e-7878-45d3-9d81-0dd07f5828a0","Farmhouse","Blackall, Sophie","0","0","0","0","0","0","First writing/reading gap pass","verified","Not yet assessed","Not yet assessed","Not yet drafted","Based on recovered snapshot; note presence does not establish quality or approval."
"7ca60185-2776-4361-ab8b-3f7c67ab44bc","Design and Building on Country","Page, Allison and Memmott, Paul","0","0","0","0","0","0","First writing/reading gap pass","verified","Not yet assessed","Not yet assessed","Not yet drafted","Based on recovered snapshot; note presence does not establish quality or approval."
"7d22bd5c-e841-47ee-8138-e45b83306142","The Boy on the Page","Carnavas, Peter","0","0","0","0","0","0","First writing/reading gap pass","verified","Not yet assessed","Not yet assessed","Not yet drafted","Based on recovered snapshot; note presence does not establish quality or approval."
"7e8f5abc-07b5-404f-98c1-725820e7577b","No! Never! A Cautionary Tale","Hathorn, Libby & Hathorn-Jarman, Lisa","0","0","0","0","0","0","First writing/reading gap pass","verified","Not yet assessed","Not yet assessed","Not yet drafted","Based on recovered snapshot; note presence does not establish quality or approval."
"7f6fb0bf-ef11-4f65-81e3-b2323d6ac17c","The Pigeon Wants a Puppy!","Willems, Mo","1","0","1","0","0","0","Preserve writing; later reading review","verified","Not yet assessed","Not yet assessed","Not yet drafted","Based on recovered snapshot; note presence does not establish quality or approval."
"7facd7d8-44cf-4c4b-9358-aef8798b1326","Lottie and Walter","Walker, Anna","5","0","5","4","0","4","Preserve tags; check explanation quality","verified","Not yet assessed","Not yet assessed","Not yet drafted","Based on recovered snapshot; note presence does not establish quality or approval."
"804e1ce3-7435-4b92-bf00-62f6deb87adc","When the Waterhole Dries Up","Baillie, Kaye","0","0","0","0","0","0","First writing/reading gap pass","verified","Not yet assessed","Not yet assessed","Not yet drafted","Based on recovered snapshot; note presence does not establish quality or approval."
"807149be-1ffb-4492-94ce-de0365f38991","When I Was Five","Howard, Arthur","0","0","0","0","0","0","First writing/reading gap pass","verified","Not yet assessed","Not yet assessed","Not yet drafted","Based on recovered snapshot; note presence does not establish quality or approval."
"8087d626-99a1-4097-9b4c-a93928afb3b9","The Odd Fish","Jones, Naomi","0","0","0","0","0","0","First writing/reading gap pass","verified","Not yet assessed","Not yet assessed","Not yet drafted","Based on recovered snapshot; note presence does not establish quality or approval."
"80ace26b-4570-4447-b938-cad21627989d","Aggie Flea Steals the Show","Ingram, Tania","0","0","0","0","0","0","First writing/reading gap pass","verified","Not yet assessed","Not yet assessed","Not yet drafted","Based on recovered snapshot; note presence does not establish quality or approval."
"80eeb8dc-2bdd-4c46-a31e-e1296ffb49bb","The Ugly Five","Julia Donaldson","3","0","3","0","0","0","Preserve writing; later reading review","verified","Not yet assessed","Not yet assessed","Not yet drafted","Based on recovered snapshot; note presence does not establish quality or approval."
"823f422f-0103-4b88-b64e-f726a37588cd","Esio Trot","Dahl, Roald","0","0","0","0","0","0","First writing/reading gap pass","verified","Not yet assessed","Not yet assessed","Not yet drafted","Based on recovered snapshot; note presence does not establish quality or approval."
"8277f90e-d2df-4dfe-8106-a108de82dcd3","Earthquake","French, Jackie","0","0","0","0","0","0","First writing/reading gap pass","verified","Not yet assessed","Not yet assessed","Not yet drafted","Based on recovered snapshot; note presence does not establish quality or approval."
"8383fbea-29fc-4bdc-a3b3-d6a3fe878a20","Little People, Big Dreams - Stevie Wonder","Sanchez Vegara, Isabel","0","0","0","0","0","0","First writing/reading gap pass","verified","Not yet assessed","Not yet assessed","Not yet drafted","Based on recovered snapshot; note presence does not establish quality or approval."
"85c27546-3721-43fb-9125-e4b0be16a420","The Pigeon Needs a Bath!","Willems, Mo","1","0","1","0","0","0","Preserve writing; later reading review","verified","Not yet assessed","Not yet assessed","Not yet drafted","Based on recovered snapshot; note presence does not establish quality or approval."
"871ccba5-c32e-49f0-8209-4f7f5b97f206","Raymangirrbuy Dhawu When I Was a Little girl","Gatjawarrawuy Mununggurr, Kylie","0","0","0","0","0","0","First writing/reading gap pass","verified","Not yet assessed","Not yet assessed","Not yet drafted","Based on recovered snapshot; note presence does not establish quality or approval."
"87609394-d4e6-4f68-a518-a4a64dea0922","The Pigeon Will Ride the Roller Coaster!","Willems, Mo","1","0","1","0","0","0","Preserve writing; later reading review","verified","Not yet assessed","Not yet assessed","Not yet drafted","Based on recovered snapshot; note presence does not establish quality or approval."
"87cc72d2-a7ee-417e-a092-eb3571bf03de","All of the Factors of Why I Love Tractors","Bell, Davina","0","0","0","0","0","0","First writing/reading gap pass","verified","Not yet assessed","Not yet assessed","Not yet drafted","Based on recovered snapshot; note presence does not establish quality or approval."
"88fc2650-479a-4c57-b339-e6778d83c4fd","How did I Get Here","Philip Bunting","1","0","1","0","0","0","Preserve writing; later reading review","verified","Not yet assessed","Not yet assessed","Not yet drafted","Based on recovered snapshot; note presence does not establish quality or approval."
"89754021-5050-4973-a712-63b6880cb2d1","Little People, Big Dreams - Elton John","Sanchez Vegara, Isabel","0","0","0","0","0","0","First writing/reading gap pass","verified","Not yet assessed","Not yet assessed","Not yet drafted","Based on recovered snapshot; note presence does not establish quality or approval."
"8a2d2c74-8399-4e6d-b631-f694cfbc0c54","The Truck Cat","Frenkel, Deborah","5","0","5","0","0","0","Preserve writing; later reading review","verified","Not yet assessed","Not yet assessed","Not yet drafted","Based on recovered snapshot; note presence does not establish quality or approval."
"8af7ce50-7473-4174-938a-ff95ed5b132a","Bev and Kev","Germein, Katrina","0","0","0","0","0","0","First writing/reading gap pass","verified","Not yet assessed","Not yet assessed","Not yet drafted","Based on recovered snapshot; note presence does not establish quality or approval."
"8c7cc386-b4d2-49de-9c4b-20fd8533f967","The Concrete Garden","Graham, Bob","7","0","7","7","0","7","Preserve tags; check explanation quality","verified","Not yet assessed","Not yet assessed","Not yet drafted","Based on recovered snapshot; note presence does not establish quality or approval."
"8deb7948-1900-4d99-b1d1-dd065815d0cb","Little People, Big Dreams - Coco Chanel","Sanchez Vegara, Isabel","1","0","1","0","0","0","Preserve writing; later reading review","verified","Not yet assessed","Not yet assessed","Not yet drafted","Based on recovered snapshot; note presence does not establish quality or approval."
"8ef7b471-b62e-45ae-9c74-3e5a6b94ce7a","Ellie's Dragon","Graham, Bob","6","0","6","5","0","5","Preserve tags; check explanation quality","verified","Not yet assessed","Not yet assessed","Not yet drafted","Based on recovered snapshot; note presence does not establish quality or approval."
"8f9a190c-1f91-4b8c-b48d-2488662721ff","Little People, Big Dreams - Audrey Hepburn","Sanchez Vegara, Isabel","0","0","0","0","0","0","First writing/reading gap pass","verified","Not yet assessed","Not yet assessed","Not yet drafted","Based on recovered snapshot; note presence does not establish quality or approval."
"9038cf2b-c68e-46b7-ac9c-adb754d45bf1","The Twits","Dahl, Roald","1","0","1","0","0","0","Preserve writing; later reading review","verified","Not yet assessed","Not yet assessed","Not yet drafted","Based on recovered snapshot; note presence does not establish quality or approval."
"912b1f66-8e84-4f83-a79e-2e0ac36517ef","The Very Hungry Caterpillar","Carle, Eric","0","0","0","0","0","0","First writing/reading gap pass","verified","Not yet assessed","Not yet assessed","Not yet drafted","Based on recovered snapshot; note presence does not establish quality or approval."
"91f854fe-a7f0-4f1d-970e-ad125942c16d","Harry Potter and the Deathly Hallows","Rowling, J.K.","0","0","0","0","0","0","First writing/reading gap pass","verified","Not yet assessed","Not yet assessed","Not yet drafted","Based on recovered snapshot; note presence does not establish quality or approval."
"9276cc62-7984-41b6-9a65-5a0938442a15","Harry Potter and the Order of the Phoenix","Rowling, J.K.","0","0","0","0","0","0","First writing/reading gap pass","verified","Not yet assessed","Not yet assessed","Not yet drafted","Based on recovered snapshot; note presence does not establish quality or approval."
"92885fd5-58eb-48dc-87e6-c37e5a8368e9","This Small Blue Dot","Sworder, Zeno","0","0","0","0","0","0","First writing/reading gap pass","verified","Not yet assessed","Not yet assessed","Not yet drafted","Based on recovered snapshot; note presence does not establish quality or approval."
"93212f4c-8b41-4d62-8690-fcccddce9cd3","Our Dreaming","Saunders, Kirli","0","0","0","0","0","0","First writing/reading gap pass","verified","Not yet assessed","Not yet assessed","Not yet drafted","Based on recovered snapshot; note presence does not establish quality or approval."
"933f01e4-effd-4e17-919f-f8c6a20a875b","Tilly","Godwin, Jane & Walker, Anna","7","0","7","3","0","3","Preserve tags; check explanation quality","verified","Not yet assessed","Not yet assessed","Not yet drafted","Based on recovered snapshot; note presence does not establish quality or approval."
"93639e78-5193-4bf5-8bb1-5370fa0da515","Fossil","Thomson, Bill","0","0","0","0","0","0","First writing/reading gap pass","verified","Not yet assessed","Not yet assessed","Not yet drafted","Based on recovered snapshot; note presence does not establish quality or approval."
"968d29e5-bd23-4b0d-bb1c-ef1b317f3bbc","These Long Loved Things","Pyke, Josh","0","0","0","0","0","0","First writing/reading gap pass","verified","Not yet assessed","Not yet assessed","Not yet drafted","Based on recovered snapshot; note presence does not establish quality or approval."
"97eca032-b730-4cf7-a890-b8058d8c573a","The Way of Dog","Fraillon, Zana","0","0","0","0","0","0","First writing/reading gap pass","verified","Not yet assessed","Not yet assessed","Not yet drafted","Based on recovered snapshot; note presence does not establish quality or approval."
"98b360c1-7bd8-4f9a-868a-a94dc3409c2f","Charlie and the Chocolate Factory","Dahl, Roald","1","0","1","0","0","0","Preserve writing; later reading review","verified","Not yet assessed","Not yet assessed","Not yet drafted","Based on recovered snapshot; note presence does not establish quality or approval."
"996a3ee1-1af5-4799-a54d-414592dec79f","The Day the Crayons Quit","Daywalt, Drew","7","0","7","4","0","4","Preserve tags; check explanation quality","verified","Not yet assessed","Not yet assessed","Not yet drafted","Based on recovered snapshot; note presence does not establish quality or approval."
"99e22389-80ac-465b-ba50-2d22e6890751","One Little Dung Beetle","Williams, Rhian","0","0","0","0","0","0","First writing/reading gap pass","needs_review","Not yet assessed","Not yet assessed","Not yet drafted","Based on recovered snapshot; note presence does not establish quality or approval."
"9aea6d1a-a3c8-4e36-a737-62e3687696e4","Big Blue Whale","Davies, Nicola","0","0","0","0","0","0","First writing/reading gap pass","verified","Not yet assessed","Not yet assessed","Not yet drafted","Based on recovered snapshot; note presence does not establish quality or approval."
"9b1db3c0-c741-4b01-a925-dd92af5b2ac9","Three","King, Stephen Mihael","7","0","7","6","0","6","Preserve tags; check explanation quality","verified","Not yet assessed","Not yet assessed","Not yet drafted","Based on recovered snapshot; note presence does not establish quality or approval."
"9b3f00de-b5b4-40d3-a73f-ce7dc32da55d","Always Was Always Will Be","Muir, Fay and Lawson, Sue","0","0","0","0","0","0","First writing/reading gap pass","verified","Not yet assessed","Not yet assessed","Not yet drafted","Based on recovered snapshot; note presence does not establish quality or approval."
"9bee5c85-0db5-4deb-8556-e897166816a2","Little People, Big Dreams - John Lennon","Sanchez Vegara, Isabel","0","0","0","0","0","0","First writing/reading gap pass","verified","Not yet assessed","Not yet assessed","Not yet drafted","Based on recovered snapshot; note presence does not establish quality or approval."
"9c79a699-d83f-4c72-9a54-9096706983aa","Evie and Rhino","McMullin, Neridah","0","0","0","0","0","0","First writing/reading gap pass","verified","Not yet assessed","Not yet assessed","Not yet drafted","Based on recovered snapshot; note presence does not establish quality or approval."
"9d3a4752-b000-440f-92cf-980836dd1401","Diary of a Worm","Cronin, Doreen","4","0","4","0","0","0","Preserve writing; later reading review","verified","Not yet assessed","Not yet assessed","Not yet drafted","Based on recovered snapshot; note presence does not establish quality or approval."
"9d720c9b-63ec-440d-8614-1331e450cc1c","Kitten's First Full Moon","Henkes, Kevin","0","0","0","0","0","0","First writing/reading gap pass","verified","Not yet assessed","Not yet assessed","Not yet drafted","Based on recovered snapshot; note presence does not establish quality or approval."
"9dfb1843-ab83-4471-b691-0c8cad6cec17","Tiddalick - The Frog Who Caused a Flood","Roennfeldt, Robert","0","0","0","0","0","0","First writing/reading gap pass","verified","Not yet assessed","Not yet assessed","Not yet drafted","Based on recovered snapshot; note presence does not establish quality or approval."
"a08e5713-917e-47ff-bfc5-8f3e56b0e9f1","We Love You, Magoo","Stewart, Briony","0","0","0","0","0","0","First writing/reading gap pass","verified","Not yet assessed","Not yet assessed","Not yet drafted","Based on recovered snapshot; note presence does not establish quality or approval."
"a0c51f6c-25fa-4be9-b5bf-a589a6660d89","Day Break","McQuire, Amy","6","0","6","6","0","6","Preserve tags; check explanation quality","verified","Not yet assessed","Not yet assessed","Not yet drafted","Based on recovered snapshot; note presence does not establish quality or approval."
"a0e4be6d-d2c4-4b01-951c-328ea76a690e","Sunday Skating","Rowe, Andrea","0","0","0","0","0","0","First writing/reading gap pass","verified","Not yet assessed","Not yet assessed","Not yet drafted","Based on recovered snapshot; note presence does not establish quality or approval."
"a2458e20-4ca5-4aa6-b019-f357417ee613","Scout and the Rescue Dogs","Wolfer, Dianne","0","0","0","0","0","0","First writing/reading gap pass","verified","Not yet assessed","Not yet assessed","Not yet drafted","Based on recovered snapshot; note presence does not establish quality or approval."
"a2520f05-0d28-42fd-b4e2-b58ab08c6d8a","South with the Seabirds","McGeachin, Jess","0","0","0","0","0","0","First writing/reading gap pass","verified","Not yet assessed","Not yet assessed","Not yet drafted","Based on recovered snapshot; note presence does not establish quality or approval."
"a3d120d9-ef18-401d-a854-0fb259824d1f","Sky Tree","Locker, Thomas","0","0","0","0","0","0","First writing/reading gap pass","verified","Not yet assessed","Not yet assessed","Not yet drafted","Based on recovered snapshot; note presence does not establish quality or approval."
"a514bcfa-2218-417c-a253-935502cf7891","My Australian Story - Cyclone Tracy","Tucker, Alan","0","0","0","0","0","0","First writing/reading gap pass","verified","Not yet assessed","Not yet assessed","Not yet drafted","Based on recovered snapshot; note presence does not establish quality or approval."
"a5a355bb-cf2c-41dc-9e4c-67b5ce1116ad","Harry Potter and the Chamber of Secrets","Rowling, J.K.","0","0","0","0","0","0","First writing/reading gap pass","verified","Not yet assessed","Not yet assessed","Not yet drafted","Based on recovered snapshot; note presence does not establish quality or approval."
"a68bdcc0-3922-4e1e-b28f-493d1fbf0be1","Drought","French, Jackie","0","0","0","0","0","0","First writing/reading gap pass","verified","Not yet assessed","Not yet assessed","Not yet drafted","Based on recovered snapshot; note presence does not establish quality or approval."
"a6ca05ea-c16d-459a-ad1f-b14904b42856","Your Birthday Was the Best!","Hutchings, Maggie","0","0","0","0","0","0","First writing/reading gap pass","verified","Not yet assessed","Not yet assessed","Not yet drafted","Based on recovered snapshot; note presence does not establish quality or approval."
"a6ff4432-b56e-45ac-ab99-f8e4e3caea2a","Wild Australian Life","Cronin, Leonard","0","0","0","0","0","0","First writing/reading gap pass","verified","Not yet assessed","Not yet assessed","Not yet drafted","Based on recovered snapshot; note presence does not establish quality or approval."
"a745e7e1-48ca-4179-bff5-cb1dcf83df88","The Land Recalls You","Saunders, Kirli","0","0","0","0","0","0","First writing/reading gap pass","verified","Not yet assessed","Not yet assessed","Not yet drafted","Based on recovered snapshot; note presence does not establish quality or approval."
"a8a48fa5-3132-4c19-9453-e0e30aba0863","The Magic Finger","Dahl, Roald","0","0","0","0","0","0","First writing/reading gap pass","verified","Not yet assessed","Not yet assessed","Not yet drafted","Based on recovered snapshot; note presence does not establish quality or approval."
"a8d58dfc-9dfc-4eda-818e-65741dd7a83e","Out","George, Angela May & Swan, Owen","5","0","5","4","0","4","Preserve tags; check explanation quality","verified","Not yet assessed","Not yet assessed","Not yet drafted","Based on recovered snapshot; note presence does not establish quality or approval."
"a997a3ef-fb03-40b3-93e7-8a41f9d717e4","The Giant and the Sea","Jamieson, Trent","6","0","6","5","0","5","Preserve tags; check explanation quality","verified","Not yet assessed","Not yet assessed","Not yet drafted","Based on recovered snapshot; note presence does not establish quality or approval."
"aa196f50-6046-4731-94f7-1b9dc8036f43","I say ooh, You say Aah","John Kane","5","0","5","0","0","0","Preserve writing; later reading review","verified","Not yet assessed","Not yet assessed","Not yet drafted","Based on recovered snapshot; note presence does not establish quality or approval."
"aa4ce74c-9502-4f50-a1bc-14c8517fbfc8","Little People, Big Dreams - Stephen Hawking","Sanchez Vegara, Isabel","0","0","0","0","0","0","First writing/reading gap pass","verified","Not yet assessed","Not yet assessed","Not yet drafted","Based on recovered snapshot; note presence does not establish quality or approval."
"aa97fed4-b72a-4415-b71b-eb2140329bcb","Frank's Red Hat","Avery, Sean","6","0","6","5","0","5","Preserve tags; check explanation quality","verified","Not yet assessed","Not yet assessed","Not yet drafted","Based on recovered snapshot; note presence does not establish quality or approval."
"ab557dd9-5c36-4df9-bb7d-73a9a08e2aea","Bowerbird Blues","Parker, Aura","5","0","5","0","0","0","Preserve writing; later reading review","verified","Not yet assessed","Not yet assessed","Not yet drafted","Based on recovered snapshot; note presence does not establish quality or approval."
"ad53f7dc-ade7-481a-84d8-7ea844b2142e","Max","Martin, Marc","0","0","0","0","0","0","First writing/reading gap pass","verified","Not yet assessed","Not yet assessed","Not yet drafted","Based on recovered snapshot; note presence does not establish quality or approval."
"ae3a96f4-3ecc-4fae-944a-ee14f52bd912","Bear & Duck are Friends","DeGennaro, Sue","0","0","0","0","0","0","First writing/reading gap pass","verified","Not yet assessed","Not yet assessed","Not yet drafted","Based on recovered snapshot; note presence does not establish quality or approval."
"aecd5735-9ef2-4c35-a4a8-70968949f2d0","The Elephant","Carnavas, Peter","0","0","0","0","0","0","First writing/reading gap pass","verified","Not yet assessed","Not yet assessed","Not yet drafted","Based on recovered snapshot; note presence does not establish quality or approval."
"b25a91c5-bcd4-4f81-83ac-39872cdc9684","For Love","Neri, Cristina","0","0","0","0","0","0","First writing/reading gap pass","verified","Not yet assessed","Not yet assessed","Not yet drafted","Based on recovered snapshot; note presence does not establish quality or approval."
"b340c9af-4fdb-427c-8fe4-97c3aa671294","All About the Heart","Kowalski, Remi","0","0","0","0","0","0","First writing/reading gap pass","verified","Not yet assessed","Not yet assessed","Not yet drafted","Based on recovered snapshot; note presence does not establish quality or approval."
"b3984896-d4bb-48d6-a8a9-e5f2daed4f65","Little People, Big Dreams - Ru Paul","Sanchez Vegara, Isabel","0","0","0","0","0","0","First writing/reading gap pass","verified","Not yet assessed","Not yet assessed","Not yet drafted","Based on recovered snapshot; note presence does not establish quality or approval."
"b627fe41-628a-4c69-a502-bd7e5d41c575","Water Dance","Locker, Thomas","0","0","0","0","0","0","First writing/reading gap pass","verified","Not yet assessed","Not yet assessed","Not yet drafted","Based on recovered snapshot; note presence does not establish quality or approval."
"b7b29cc7-fa46-438a-9e92-8194c4dd0fd8","Everything You Ever Wanted To Know About the Tooth Fairy (and Some Things You Didn't)","Stewart, Briony","0","0","0","0","0","0","First writing/reading gap pass","verified","Not yet assessed","Not yet assessed","Not yet drafted","Based on recovered snapshot; note presence does not establish quality or approval."
"b7b4e8ed-6350-482a-8458-0b2f0f89d2fa","Amira's Suitcase","Conley, Vikki","0","0","0","0","0","0","First writing/reading gap pass","verified","Not yet assessed","Not yet assessed","Not yet drafted","Based on recovered snapshot; note presence does not establish quality or approval."
"b8d283ae-2aa2-4e10-b833-5636b23093c7","The Big Book of Bugs","Zommer, Yuval","0","0","0","0","0","0","First writing/reading gap pass","verified","Not yet assessed","Not yet assessed","Not yet drafted","Based on recovered snapshot; note presence does not establish quality or approval."
"b930d659-dd10-4b7e-8d6d-0894749f9db8","The Great Rabbit Chase","Blackwood, Freya","6","0","6","8","0","8","Preserve tags; check explanation quality","verified","Not yet assessed","Not yet assessed","Not yet drafted","Based on recovered snapshot; note presence does not establish quality or approval."
"b9d7c671-99d3-400c-bac3-52c41ec013fd","Plague","French, Jackie","0","0","0","0","0","0","First writing/reading gap pass","needs_review","Not yet assessed","Not yet assessed","Not yet drafted","Based on recovered snapshot; note presence does not establish quality or approval."
"ba4f671a-e275-4493-b78c-e018b2ad2d77","Edie's Experiments: How to be the Best","Barkla, Charlotte","1","0","1","0","0","0","Preserve writing; later reading review","verified","Not yet assessed","Not yet assessed","Not yet drafted","Based on recovered snapshot; note presence does not establish quality or approval."
"ba685b60-fa9c-426a-938a-e9d5e348f214","The First Scientists - Deadly Inventions and Innovations from Australia's First Peoples","Tutt, Corey","0","0","0","0","0","0","First writing/reading gap pass","verified","Not yet assessed","Not yet assessed","Not yet drafted","Based on recovered snapshot; note presence does not establish quality or approval."
"baff69ee-ac78-4f18-a9c7-8796f4edab23","August & Jones","Harry, Pip","0","0","0","0","0","0","First writing/reading gap pass","verified","Not yet assessed","Not yet assessed","Not yet drafted","Based on recovered snapshot; note presence does not establish quality or approval."
"bb16e2d7-d8ab-40c3-91e6-2d9fc3faa4bb","Storm Dragon","Hofmeyr, Dianne","0","0","0","0","0","0","First writing/reading gap pass","verified","Not yet assessed","Not yet assessed","Not yet drafted","Based on recovered snapshot; note presence does not establish quality or approval."
"bb194261-920c-41ce-8d46-f2814093caf1","Sheldon's New Shell","Murray, Lily","0","0","0","0","0","0","First writing/reading gap pass","verified","Not yet assessed","Not yet assessed","Not yet drafted","Based on recovered snapshot; note presence does not establish quality or approval."
"bb608397-a324-41ab-903f-a9e50e19f464","Dear Mrs. LaRue - Letters from Obedience School","Teague, Mark","1","0","1","0","0","0","Preserve writing; later reading review","needs_review","Not yet assessed","Not yet assessed","Not yet drafted","Based on recovered snapshot; note presence does not establish quality or approval."
"bbd20e92-cb1b-4c9a-849e-ec7ce992f3ff","Shirley Purdie: My Story, Ngaginybe Jarragbe","Purdie, Shirley","0","0","0","0","0","0","First writing/reading gap pass","verified","Not yet assessed","Not yet assessed","Not yet drafted","Based on recovered snapshot; note presence does not establish quality or approval."
"bbd633a8-841d-4a11-af09-deea0d750f24","Ten Tiny Things","McKinlay, Meg","6","0","6","5","0","5","Preserve tags; check explanation quality","verified","Not yet assessed","Not yet assessed","Not yet drafted","Based on recovered snapshot; note presence does not establish quality or approval."
"bce9fd83-1922-4231-8c54-5b08ee8d5ef7","Hold On! Saving the Spotted Handfish","Newton, Gina M","7","0","7","6","0","6","Preserve tags; check explanation quality","verified","Not yet assessed","Not yet assessed","Not yet drafted","Based on recovered snapshot; note presence does not establish quality or approval."
"bd1553fc-8dc7-49e6-8e07-9c26d6e09888","Bad Dog","Mike Boldt","2","0","2","0","0","0","Preserve writing; later reading review","verified","Not yet assessed","Not yet assessed","Not yet drafted","Based on recovered snapshot; note presence does not establish quality or approval."
"bd3b89de-4a15-4018-b9ae-87f535b32589","Walk of the Whales","Bland, Nick","0","0","0","0","0","0","First writing/reading gap pass","verified","Not yet assessed","Not yet assessed","Not yet drafted","Based on recovered snapshot; note presence does not establish quality or approval."
"bd957ccf-df67-4847-90af-6368e97dcfa0","Earrings!","Viorst, Judith","0","0","0","0","0","0","First writing/reading gap pass","verified","Not yet assessed","Not yet assessed","Not yet drafted","Based on recovered snapshot; note presence does not establish quality or approval."
"bf5eab0a-d5a0-4aef-9deb-d49983ea9808","Little People, Big Dreams - Jane Austen","Sanchez Vegara, Isabel","0","0","0","0","0","0","First writing/reading gap pass","verified","Not yet assessed","Not yet assessed","Not yet drafted","Based on recovered snapshot; note presence does not establish quality or approval."
"bfed1aec-5c28-4f0e-9cbe-fa3fb464c72e","Where the Lyrebird Lives","Conley, Vikki","0","0","0","0","0","0","First writing/reading gap pass","verified","Not yet assessed","Not yet assessed","Not yet drafted","Based on recovered snapshot; note presence does not establish quality or approval."
"c1560852-b33f-46ae-82c8-c3914467c8b4","Click, Clack, Moo Cows That Type","Cronin, Doreen","1","0","1","0","0","0","Preserve writing; later reading review","verified","Not yet assessed","Not yet assessed","Not yet drafted","Based on recovered snapshot; note presence does not establish quality or approval."
"c212daf5-a31c-448f-b544-0d1a3d03de23","Timeless","Canby, Kelly","0","0","0","0","0","0","First writing/reading gap pass","verified","Not yet assessed","Not yet assessed","Not yet drafted","Based on recovered snapshot; note presence does not establish quality or approval."
"c303ffa2-06cc-4a5a-b648-8f0337b23a88","The Great Expedition","Carnavas, Peter","0","0","0","0","0","0","First writing/reading gap pass","verified","Not yet assessed","Not yet assessed","Not yet drafted","Based on recovered snapshot; note presence does not establish quality or approval."
"c3312b39-1615-4a14-a6e3-b6e3a121a409","Great White Shark","Saxby, Claire","0","0","0","0","0","0","First writing/reading gap pass","verified","Not yet assessed","Not yet assessed","Not yet drafted","Based on recovered snapshot; note presence does not establish quality or approval."
"c395f975-3bf6-4d6b-9c13-8b096781b4ac","Harry Potter and Prisoner of Azkaban","Rowling, J.K.","0","0","0","0","0","0","First writing/reading gap pass","verified","Not yet assessed","Not yet assessed","Not yet drafted","Based on recovered snapshot; note presence does not establish quality or approval."
"c3eeb858-7930-4cb4-8c6a-2cb8b791d883","The Echidna Near My Place","Whiting, Sue","0","0","0","0","0","0","First writing/reading gap pass","verified","Not yet assessed","Not yet assessed","Not yet drafted","Based on recovered snapshot; note presence does not establish quality or approval."
"c43deee2-8df6-4fa7-923e-68e7a833b718","Knuffle Bunny Free: An Unexpected Diversion","Willems, Mo","0","0","0","0","0","0","First writing/reading gap pass","verified","Not yet assessed","Not yet assessed","Not yet drafted","Based on recovered snapshot; note presence does not establish quality or approval."
"c48f4ad8-cd82-4909-b3b5-deb7677694dd","The Biscuit Maker","Lawson, Sue","0","0","0","0","0","0","First writing/reading gap pass","verified","Not yet assessed","Not yet assessed","Not yet drafted","Based on recovered snapshot; note presence does not establish quality or approval."
"c4cf3f88-4a37-4d0e-820e-411b4b283224","Press Here","Henve' Tullet","6","0","6","0","0","0","Preserve writing; later reading review","verified","Not yet assessed","Not yet assessed","Not yet drafted","Based on recovered snapshot; note presence does not establish quality or approval."
"c5986fe3-e308-4dfa-ba93-b5f31fc61dac","Mutt Dog!","King, Stephen Mihael","0","0","0","0","0","0","First writing/reading gap pass","verified","Not yet assessed","Not yet assessed","Not yet drafted","Based on recovered snapshot; note presence does not establish quality or approval."
"c59ea5ab-ab87-42cb-aebc-1f83e5614a5e","The Two-Hearted Numbat","Kwaymullina, Ambelin & Ezekiel","0","0","0","0","0","0","First writing/reading gap pass","verified","Not yet assessed","Not yet assessed","Not yet drafted","Based on recovered snapshot; note presence does not establish quality or approval."
"c6554d9a-17fc-49ce-a143-f5a713293b06","Verdi","Cannon, Janell","0","0","0","0","0","0","First writing/reading gap pass","verified","Not yet assessed","Not yet assessed","Not yet drafted","Based on recovered snapshot; note presence does not establish quality or approval."
"c7146823-eb13-47cc-ac7e-cf21b9276661","Wombat Stew","Vaughan, Marcia","6","0","6","5","0","5","Preserve tags; check explanation quality","verified","Not yet assessed","Not yet assessed","Not yet drafted","Based on recovered snapshot; note presence does not establish quality or approval."
"c7e88cd2-dcfc-4d61-a56c-515f6b56c43d","A Year On Our Farm","Matthews, Penny","0","0","0","0","0","0","First writing/reading gap pass","verified","Not yet assessed","Not yet assessed","Not yet drafted","Based on recovered snapshot; note presence does not establish quality or approval."
"ca7491a2-b74e-49b4-aedc-f781a31494f7","Babies at the Billabong","Maura Finn and Cate James","1","0","1","0","0","0","Preserve writing; later reading review","verified","Not yet assessed","Not yet assessed","Not yet drafted","Based on recovered snapshot; note presence does not establish quality or approval."
"caba5a14-4717-49d6-bf6f-41f891b12a3c","When I Was Little: A Four Year Old's Memoir of her Youth","Curtis, Jamie Lee","1","0","1","0","0","0","Preserve writing; later reading review","verified","Not yet assessed","Not yet assessed","Not yet drafted","Based on recovered snapshot; note presence does not establish quality or approval."
"cbe4f686-afa4-4b16-bc5f-37f9542aa3e9","A Leaf Called Greaf","Canby, Kelly","0","0","0","0","0","0","First writing/reading gap pass","verified","Not yet assessed","Not yet assessed","Not yet drafted","Based on recovered snapshot; note presence does not establish quality or approval."
"cbffd7c4-fd4d-4734-9137-bdfd7f66534e","Wendy","Gordon, Gus","6","0","6","5","0","5","Preserve tags; check explanation quality","verified","Not yet assessed","Not yet assessed","Not yet drafted","Based on recovered snapshot; note presence does not establish quality or approval."
"cc174348-35a3-4d90-a370-cb896e020ef0","That is Not a Good Idea!","Willems, Mo","0","0","0","0","0","0","First writing/reading gap pass","verified","Not yet assessed","Not yet assessed","Not yet drafted","Based on recovered snapshot; note presence does not establish quality or approval."
"cc681f45-9bae-47e1-9f61-df48284b395e","The Watertower","Crew, Gary","0","0","0","0","0","0","First writing/reading gap pass","verified","Not yet assessed","Not yet assessed","Not yet drafted","Based on recovered snapshot; note presence does not establish quality or approval."
"cca46fcf-8fd1-4b34-b317-cbaceece2d7e","The Eleventh Hour","Base, Graeme","0","0","0","0","0","0","First writing/reading gap pass","verified","Not yet assessed","Not yet assessed","Not yet drafted","Based on recovered snapshot; note presence does not establish quality or approval."
"cd951e38-fbd8-46fa-8ce6-5ebcbbabdff3","Diary of a Wombat","French, Jackie","5","0","5","3","0","3","Preserve tags; check explanation quality","verified","Not yet assessed","Not yet assessed","Not yet drafted","Based on recovered snapshot; note presence does not establish quality or approval."
"cdba7c4f-43f0-4128-bfb4-653084de8f32","The Gruffalo's Child","Donaldson, Julia","0","0","0","0","0","0","First writing/reading gap pass","verified","Not yet assessed","Not yet assessed","Not yet drafted","Based on recovered snapshot; note presence does not establish quality or approval."
"ce157840-4ea4-427b-82de-0667b94bc3ff","Little People, Big Dreams - Evonne Goolagong","Sanchez Vegara, Isabel","0","0","0","0","0","0","First writing/reading gap pass","verified","Not yet assessed","Not yet assessed","Not yet drafted","Based on recovered snapshot; note presence does not establish quality or approval."
"ce197ba2-ac84-4bf3-8c1f-3d08a2df71c8","Rose Meets Mr Wintergarten","Graham, Bob","5","0","5","5","0","5","Preserve tags; check explanation quality","verified","Not yet assessed","Not yet assessed","Not yet drafted","Based on recovered snapshot; note presence does not establish quality or approval."
"cebbe3a3-48a8-4bae-b80d-2c858889f81e","On a Magical Do-Nothing Day","Alemagna, Beatrice","7","0","7","4","0","4","Preserve tags; check explanation quality","verified","Not yet assessed","Not yet assessed","Not yet drafted","Based on recovered snapshot; note presence does not establish quality or approval."
"cf52f022-c061-464d-b67d-c798ec8edc81","Night in the Country","Rylant, Cynthia","0","0","0","0","0","0","First writing/reading gap pass","verified","Not yet assessed","Not yet assessed","Not yet drafted","Based on recovered snapshot; note presence does not establish quality or approval."
"cf7684a2-423b-48cc-86c6-1adbf4349059","Fing - An Explosively Funny Tale","Walliams, David","0","0","0","0","0","0","First writing/reading gap pass","verified","Not yet assessed","Not yet assessed","Not yet drafted","Based on recovered snapshot; note presence does not establish quality or approval."
"cf843ef1-af44-4749-82de-8fe0b45da00c","When I Grow Up","Daddo, Andrew","0","0","0","0","0","0","First writing/reading gap pass","verified","Not yet assessed","Not yet assessed","Not yet drafted","Based on recovered snapshot; note presence does not establish quality or approval."
"cfa1b968-84ab-4ade-8e7b-8363b54f796a","My Australian Story - Gallipoli","Tucker, Alan","0","0","0","0","0","0","First writing/reading gap pass","verified","Not yet assessed","Not yet assessed","Not yet drafted","Based on recovered snapshot; note presence does not establish quality or approval."
"cfc7de45-e576-40da-9f14-9a4d5b0bbfcb","The Energy Bus for Kids","Gordon, Jon","0","0","0","0","0","0","First writing/reading gap pass","verified","Not yet assessed","Not yet assessed","Not yet drafted","Based on recovered snapshot; note presence does not establish quality or approval."
"d0048e2e-160f-40ab-aaed-5c1848d94eb2","Chester's Way","Henkes, Kevin","0","0","0","0","0","0","First writing/reading gap pass","verified","Not yet assessed","Not yet assessed","Not yet drafted","Based on recovered snapshot; note presence does not establish quality or approval."
"d04c005b-620a-4f01-a860-44338269d73b","Dingo","Saxby, Claire","0","0","0","0","0","0","First writing/reading gap pass","verified","Not yet assessed","Not yet assessed","Not yet drafted","Based on recovered snapshot; note presence does not establish quality or approval."
"d0514447-fe46-4198-b83d-fcc358120d79","Searching for Cicadas","Gibbes, Lesley","0","0","0","0","0","0","First writing/reading gap pass","verified","Not yet assessed","Not yet assessed","Not yet drafted","Based on recovered snapshot; note presence does not establish quality or approval."
"d08cb09d-0cbb-4faf-b4d6-1c6eef4f91da","The Story of Rosy Dock","Baker, Jeannie","6","0","6","6","0","6","Preserve tags; check explanation quality","verified","Not yet assessed","Not yet assessed","Not yet drafted","Based on recovered snapshot; note presence does not establish quality or approval."
"d27b043d-bd45-4a23-8130-ac0b47bd6e72","Cyclone","French, Jackie","0","0","0","0","0","0","First writing/reading gap pass","verified","Not yet assessed","Not yet assessed","Not yet drafted","Based on recovered snapshot; note presence does not establish quality or approval."
"d2d63421-5372-4349-90cb-f375d4c27c61","The Garden of Broken Things","Blackwood, Freya","0","0","0","0","0","0","First writing/reading gap pass","verified","Not yet assessed","Not yet assessed","Not yet drafted","Based on recovered snapshot; note presence does not establish quality or approval."
"d35066f2-db82-4893-836b-a0cde79e88a8","The Little Yellow Digger","Gilderdale, Betty","0","0","0","0","0","0","First writing/reading gap pass","verified","Not yet assessed","Not yet assessed","Not yet drafted","Based on recovered snapshot; note presence does not establish quality or approval."
"d3b5de61-5ced-403c-ac7d-ddc81f0b6d78","The Giving Tree","Silverstein, Shel","0","0","0","0","0","0","First writing/reading gap pass","verified","Not yet assessed","Not yet assessed","Not yet drafted","Based on recovered snapshot; note presence does not establish quality or approval."
"d584fa2d-56b7-442d-9a05-cdbb124ac8ab","We Are Australians","Smith, Duncan & Godwin, Nicole","0","0","0","0","0","0","First writing/reading gap pass","verified","Not yet assessed","Not yet assessed","Not yet drafted","Based on recovered snapshot; note presence does not establish quality or approval."
"d5b646c3-843b-41b0-a578-afa08ee7d55f","The Boy Who Harnessed the Wind","Kamkwamba, William","5","0","5","5","0","5","Preserve tags; check explanation quality","verified","Not yet assessed","Not yet assessed","Not yet drafted","Based on recovered snapshot; note presence does not establish quality or approval."
"d71297b3-1eba-490b-86f9-70e8453017e0","Huda and Me","Hayek, H","0","0","0","0","0","0","First writing/reading gap pass","verified","Not yet assessed","Not yet assessed","Not yet drafted","Based on recovered snapshot; note presence does not establish quality or approval."
"d7516169-21a7-4aee-9dfc-35706b0ec108","Thankful","Spinelli, Eileen","0","0","0","0","0","0","First writing/reading gap pass","needs_review","Not yet assessed","Not yet assessed","Not yet drafted","Based on recovered snapshot; note presence does not establish quality or approval."
"d75fc4c3-ce70-4a56-808f-ad2a35939191","A Glasshouse of Stars","Marr, Shirley","0","0","0","0","0","0","First writing/reading gap pass","verified","Not yet assessed","Not yet assessed","Not yet drafted","Based on recovered snapshot; note presence does not establish quality or approval."
"dab7cb29-509f-4910-9168-82648aeccd89","Market Day","Gallasch, Carrie","0","0","0","0","0","0","First writing/reading gap pass","verified","Not yet assessed","Not yet assessed","Not yet drafted","Based on recovered snapshot; note presence does not establish quality or approval."
"dacb0dd9-3650-41de-a8fa-f4b3aaacdcd1","Little People, Big Dreams - Marie Curie","Sanchez Vegara, Isabel","0","0","0","0","0","0","First writing/reading gap pass","verified","Not yet assessed","Not yet assessed","Not yet drafted","Based on recovered snapshot; note presence does not establish quality or approval."
"daf655ee-3d72-4817-9650-a0d2e5525481","The Boy Who Loved Words","Schotter, Roni","1","0","1","0","0","0","Preserve writing; later reading review","verified","Not yet assessed","Not yet assessed","Not yet drafted","Based on recovered snapshot; note presence does not establish quality or approval."
"dc49bf21-2f26-4818-8bee-8a97f631408f","Tensy Farlow and the Home For the Mislaid Children","Storer, Jen","0","0","0","0","0","0","First writing/reading gap pass","verified","Not yet assessed","Not yet assessed","Not yet drafted","Based on recovered snapshot; note presence does not establish quality or approval."
"dcee6152-477c-4841-bdbe-3d290a026e88","Twilight Comes Twice","Fletcher, Ralph","0","0","0","0","0","0","First writing/reading gap pass","verified","Not yet assessed","Not yet assessed","Not yet drafted","Based on recovered snapshot; note presence does not establish quality or approval."
"ddb46571-fa36-4739-b23c-50ed27408bf1","Animalia","Base, Graeme","0","0","0","0","0","0","First writing/reading gap pass","verified","Not yet assessed","Not yet assessed","Not yet drafted","Based on recovered snapshot; note presence does not establish quality or approval."
"df3eccd9-c306-4b1b-a56c-91c7a53e465d","From my Head to my Toes, I Say What Goes","Barkla, Charlotte","0","0","0","0","0","0","First writing/reading gap pass","verified","Not yet assessed","Not yet assessed","Not yet drafted","Based on recovered snapshot; note presence does not establish quality or approval."
"df47b998-e12d-4e19-bf29-194a5ea34057","Afloat","Saunders, Kirli","0","0","0","0","0","0","First writing/reading gap pass","verified","Not yet assessed","Not yet assessed","Not yet drafted","Based on recovered snapshot; note presence does not establish quality or approval."
"df85eb61-7100-4395-84e9-a16cea5e994f","The Baddies","Donaldson, Julia","0","0","0","0","0","0","First writing/reading gap pass","verified","Not yet assessed","Not yet assessed","Not yet drafted","Based on recovered snapshot; note presence does not establish quality or approval."
"dfda2089-4a70-43c3-90f5-045aba2ec0a1","Stuck","Jeffers, Oliver","6","0","6","2","0","2","Preserve tags; check explanation quality","verified","Not yet assessed","Not yet assessed","Not yet drafted","Based on recovered snapshot; note presence does not establish quality or approval."
"dff82004-8f18-4df4-a2fd-dba363b9a2e1","Little People, Big Dreams - Dolly Parton","Sanchez Vegara, Isabel","0","0","0","0","0","0","First writing/reading gap pass","verified","Not yet assessed","Not yet assessed","Not yet drafted","Based on recovered snapshot; note presence does not establish quality or approval."
"e08521de-04f4-4d29-a10c-96a59f7660e5","The Turtle and the Flood","French, Jackie","0","0","0","0","0","0","First writing/reading gap pass","verified","Not yet assessed","Not yet assessed","Not yet drafted","Based on recovered snapshot; note presence does not establish quality or approval."
"e09e3513-3b71-40fb-87d8-1ad526b5bc2e","Frederick","Lionni, Leo","0","0","0","0","0","0","First writing/reading gap pass","verified","Not yet assessed","Not yet assessed","Not yet drafted","Based on recovered snapshot; note presence does not establish quality or approval."
"e0db6656-6323-4b38-bdfe-3308ee86b88e","Onion Tears","Kidd, Diana","0","0","0","0","0","0","First writing/reading gap pass","verified","Not yet assessed","Not yet assessed","Not yet drafted","Based on recovered snapshot; note presence does not establish quality or approval."
"e109dad0-37c4-412e-bd88-cf15bee9fb46","What Colour is the Sea?","Stewart, Katie","0","0","0","0","0","0","First writing/reading gap pass","verified","Not yet assessed","Not yet assessed","Not yet drafted","Based on recovered snapshot; note presence does not establish quality or approval."
"e213d0c0-f454-48a9-83ec-9078dbb5592c","The Great Kapok Tree","Cherry, Lynne","0","0","0","0","0","0","First writing/reading gap pass","verified","Not yet assessed","Not yet assessed","Not yet drafted","Based on recovered snapshot; note presence does not establish quality or approval."
"e2234ab2-22c1-4cfd-a58b-c68f6d3419b4","Little People, Big Dreams - Martin Luther King Jr","Sanchez Vegara, Isabel","0","0","0","0","0","0","First writing/reading gap pass","verified","Not yet assessed","Not yet assessed","Not yet drafted","Based on recovered snapshot; note presence does not establish quality or approval."
"e2dfd0d5-e276-46bb-b832-baf27dde774f","Lionel and Me","Fenton, Corinne","0","0","0","0","0","0","First writing/reading gap pass","verified","Not yet assessed","Not yet assessed","Not yet drafted","Based on recovered snapshot; note presence does not establish quality or approval."
"e37fd50c-7c52-4d40-ade2-95995fbf4c89","The True Story of the 3 Little Pigs","Scieszka, Jon","1","0","1","0","0","0","Preserve writing; later reading review","verified","Not yet assessed","Not yet assessed","Not yet drafted","Based on recovered snapshot; note presence does not establish quality or approval."
"e42527e7-227a-43e5-acfd-56b8d5ddcdbc","The Fire Wombat","French, Jackie","6","0","6","6","0","6","Preserve tags; check explanation quality","verified","Not yet assessed","Not yet assessed","Not yet drafted","Based on recovered snapshot; note presence does not establish quality or approval."
"e4f462d2-4f26-4926-aabf-547c31713154","Laughter is the Best Ending","Master, Marayam","0","0","0","0","0","0","First writing/reading gap pass","verified","Not yet assessed","Not yet assessed","Not yet drafted","Based on recovered snapshot; note presence does not establish quality or approval."
"e54a946f-bd8b-4568-aa15-0ce259f121f6","Boo Loves Books","Baillie, Kaye","6","0","6","5","0","5","Preserve tags; check explanation quality","verified","Not yet assessed","Not yet assessed","Not yet drafted","Based on recovered snapshot; note presence does not establish quality or approval."
"e5b21f60-6de4-41e2-a0cc-e7c71e979c98","Tuesday","Wiesner, David","0","0","0","0","0","0","First writing/reading gap pass","verified","Not yet assessed","Not yet assessed","Not yet drafted","Based on recovered snapshot; note presence does not establish quality or approval."
"e5bb2261-ef4d-47c5-9da8-1feebde650ed","I Wanna New Room","Orloff, Karen","1","0","1","0","0","0","Preserve writing; later reading review","verified","Not yet assessed","Not yet assessed","Not yet drafted","Based on recovered snapshot; note presence does not establish quality or approval."
"e6bea47e-07d8-4738-b763-028d8a59a0f0","Scar Town","Bancks, Tristan","0","0","0","0","0","0","First writing/reading gap pass","verified","Not yet assessed","Not yet assessed","Not yet drafted","Based on recovered snapshot; note presence does not establish quality or approval."
"e9c757fa-0163-4365-84a6-958695b32102","Little People, Big Dreams - Bob Dylan","Sanchez Vegara, Isabel","0","0","0","0","0","0","First writing/reading gap pass","verified","Not yet assessed","Not yet assessed","Not yet drafted","Based on recovered snapshot; note presence does not establish quality or approval."
"e9e3d021-5fea-4847-b43f-ffc1aab84148","What Do You Call Your Grandma?","Barton, Ashleigh","0","0","0","0","0","0","First writing/reading gap pass","verified","Not yet assessed","Not yet assessed","Not yet drafted","Based on recovered snapshot; note presence does not establish quality or approval."
"eb89a56f-a782-4921-ae89-7d2c793555b0","Swoop","Godwin, Nicole","0","0","0","0","0","0","First writing/reading gap pass","verified","Not yet assessed","Not yet assessed","Not yet drafted","Based on recovered snapshot; note presence does not establish quality or approval."
"eb9e40ae-4d82-4296-b336-326b65c07d18","Anemone is Not the Enemy","McGregor, Anna","0","0","0","0","0","0","First writing/reading gap pass","verified","Not yet assessed","Not yet assessed","Not yet drafted","Based on recovered snapshot; note presence does not establish quality or approval."
"ebca187f-c872-48f3-a98f-01b6ad941cd1","If I Was a Horse","Blackall, Sophie","0","0","0","0","0","0","First writing/reading gap pass","verified","Not yet assessed","Not yet assessed","Not yet drafted","Based on recovered snapshot; note presence does not establish quality or approval."
"ebcf9f15-646e-418c-9650-771a80a7ecf4","A is for Australian Reefs: A Factastic Tour","Lessac, Frane","0","0","0","0","0","0","First writing/reading gap pass","verified","Not yet assessed","Not yet assessed","Not yet drafted","Based on recovered snapshot; note presence does not establish quality or approval."
"ec8e3bac-384d-46fc-b672-abe0379614cd","Dear Earth...","Dealey, Erin","0","0","0","0","0","0","First writing/reading gap pass","verified","Not yet assessed","Not yet assessed","Not yet drafted","Based on recovered snapshot; note presence does not establish quality or approval."
"edbfb769-0bd1-474a-a9dc-e5e54f2f9d90","The Pigeon Finds a Dog!","Willems, Mo","1","0","1","0","0","0","Preserve writing; later reading review","verified","Not yet assessed","Not yet assessed","Not yet drafted","Based on recovered snapshot; note presence does not establish quality or approval."
"ee600717-0671-4a48-9b71-585c37710946","Super Snake","Dreise, Gregg","0","0","0","0","0","0","First writing/reading gap pass","verified","Not yet assessed","Not yet assessed","Not yet drafted","Based on recovered snapshot; note presence does not establish quality or approval."
"ef5a2f03-259f-4c6d-a5e8-0d6d0e2b7f08","The Firefighters","Whiting, Sue","5","0","5","4","0","4","Preserve tags; check explanation quality","verified","Not yet assessed","Not yet assessed","Not yet drafted","Based on recovered snapshot; note presence does not establish quality or approval."
"f1361125-f76e-4acd-8109-d3ddbc2e35ba","Today we have NO PLANS","Godwin, Jane","0","0","0","0","0","0","First writing/reading gap pass","verified","Not yet assessed","Not yet assessed","Not yet drafted","Based on recovered snapshot; note presence does not establish quality or approval."
"f15a82f2-33be-4baf-9ce1-ea50c8bdd00a","Australia: Country of Colour","Racklyeft, Jess","0","0","0","0","0","0","First writing/reading gap pass","verified","Not yet assessed","Not yet assessed","Not yet drafted","Based on recovered snapshot; note presence does not establish quality or approval."
"f1cee1e8-afc7-440e-8c2f-a475c6561363","Just One Bee","Bertini, Anthony & Lamond, Margrete","0","0","0","0","0","0","First writing/reading gap pass","verified","Not yet assessed","Not yet assessed","Not yet drafted","Based on recovered snapshot; note presence does not establish quality or approval."
"f29220b2-c6a0-458f-84d9-a1d69807087f","Eww Gross - Foul Facts and Putrid Pictures","Marshall, Dan","0","0","0","0","0","0","First writing/reading gap pass","verified","Not yet assessed","Not yet assessed","Not yet drafted","Based on recovered snapshot; note presence does not establish quality or approval."
"f3140b7b-0f6a-45fd-91f2-6e74a403f385","The Raven's Song","Macdibble, Bren & Fraillon, Zana","0","0","0","0","0","0","First writing/reading gap pass","verified","Not yet assessed","Not yet assessed","Not yet drafted","Based on recovered snapshot; note presence does not establish quality or approval."
"f368a76b-fa84-4335-86c8-76dc0251d1eb","The Book of Chance","Whiting, Sue","0","0","0","0","0","0","First writing/reading gap pass","verified","Not yet assessed","Not yet assessed","Not yet drafted","Based on recovered snapshot; note presence does not establish quality or approval."
"f6a19d68-74e9-486d-80f5-42c1e31ae93d","The Wobbly Bike","McCallum, Darren","0","0","0","0","0","0","First writing/reading gap pass","verified","Not yet assessed","Not yet assessed","Not yet drafted","Based on recovered snapshot; note presence does not establish quality or approval."
"f70f01c5-f9fa-4e73-a0bf-a753eeecbbeb","The Stolen Prince of Cloudburst","Moriarty, Jaclyn","0","0","0","0","0","0","First writing/reading gap pass","verified","Not yet assessed","Not yet assessed","Not yet drafted","Based on recovered snapshot; note presence does not establish quality or approval."
"f7d7c6cc-ff5f-4ff5-8986-8bcacf586d51","Wilfrid Gordon McDonald Partridge","Fox, Mem","0","0","0","0","0","0","First writing/reading gap pass","verified","Not yet assessed","Not yet assessed","Not yet drafted","Based on recovered snapshot; note presence does not establish quality or approval."
"f7dbc225-aeae-4fab-96c7-668f54003837","Harry Potter and the Philosopher's Stone","Rowling, J.K.","0","0","0","0","0","0","First writing/reading gap pass","verified","Not yet assessed","Not yet assessed","Not yet drafted","Based on recovered snapshot; note presence does not establish quality or approval."
"f82549c2-6643-421c-8333-ad165f0725f6","Sheila Rae, the Brave","Henkes, Kevin","0","0","0","0","0","0","First writing/reading gap pass","verified","Not yet assessed","Not yet assessed","Not yet drafted","Based on recovered snapshot; note presence does not establish quality or approval."
"f8d61f97-5b44-4533-a210-4f4a36cce909","Boy Overboard","Gleitzman, Morris","0","0","0","0","0","0","First writing/reading gap pass","verified","Not yet assessed","Not yet assessed","Not yet drafted","Based on recovered snapshot; note presence does not establish quality or approval."
"f99dc69c-4681-4420-84da-61e40903c8e9","Possum Magic","Fox, Mem","0","0","0","0","0","0","First writing/reading gap pass","verified","Not yet assessed","Not yet assessed","Not yet drafted","Based on recovered snapshot; note presence does not establish quality or approval."
"f9b5c7fe-b36b-42e9-88cb-aa9f8f844247","Tasmanian Devil","Saxby, Claire","0","0","0","0","0","0","First writing/reading gap pass","verified","Not yet assessed","Not yet assessed","Not yet drafted","Based on recovered snapshot; note presence does not establish quality or approval."
"fce80359-020a-4135-ab24-4633acc00647","Don't Let the Pigeon Drive the Bus!","Willems, Mo","0","0","0","0","0","0","First writing/reading gap pass","verified","Not yet assessed","Not yet assessed","Not yet drafted","Based on recovered snapshot; note presence does not establish quality or approval."
"fdc79e1f-21ce-4540-9ab8-d186425b36c9","The Arrival","Tan, Shaun","0","0","0","0","0","0","First writing/reading gap pass","verified","Not yet assessed","Not yet assessed","Not yet drafted","Based on recovered snapshot; note presence does not establish quality or approval."
"ff1a6c7b-073a-4bfe-bbbc-7080737f9452","The Alphabet Tree","Lionni, Leo","0","0","0","0","0","0","First writing/reading gap pass","verified","Not yet assessed","Not yet assessed","Not yet drafted","Based on recovered snapshot; note presence does not establish quality or approval."
"ff1e6f9d-d9e0-4839-bbf6-15e1c8ef6b37","Every Child a Song","Davies, Nicola","0","0","0","0","0","0","First writing/reading gap pass","verified","Not yet assessed","Not yet assessed","Not yet drafted","Based on recovered snapshot; note presence does not establish quality or approval."
